latitude,longitude,brightness,scan,track,acq_date,acq_time,satellite,instrument,confidence,version,bright_t31,frp,daynight
28.71233,88.58939,303.99,1.14,1.07,2026-07-26,317,Terra,MODIS,34,6.1NRT,289.31,4.06,D
29.2112,91.79563,323.88,1.72,1.29,2026-07-26,317,Terra,MODIS,54,6.1NRT,298.13,33.44,D
31.71594,93.93228,302.12,2.12,1.42,2026-07-26,317,Terra,MODIS,34,6.1NRT,287.67,10.68,D
31.8742,93.79625,311.44,2.06,1.4,2026-07-26,317,Terra,MODIS,60,6.1NRT,293.38,21.55,D
31.87852,93.77408,308.6,2.05,1.39,2026-07-26,317,Terra,MODIS,30,6.1NRT,295.06,15.3,D
31.88262,93.78204,312.14,2.05,1.39,2026-07-26,317,Terra,MODIS,29,6.1NRT,295.32,20.64,D
31.91713,94.05293,306.88,2.14,1.42,2026-07-26,317,Terra,MODIS,47,6.1NRT,292.02,15.4,D
31.92401,94.03951,307.55,2.13,1.42,2026-07-26,317,Terra,MODIS,22,6.1NRT,292.14,14.25,D
32.07541,94.19716,305.97,2.17,1.43,2026-07-26,317,Terra,MODIS,59,6.1NRT,291.3,17.72,D
32.89211,95.31001,308.2,2.47,1.51,2026-07-26,317,Terra,MODIS,25,6.1NRT,291.34,21.94,D
34.14003,95.80328,310.57,2.48,1.52,2026-07-26,317,Terra,MODIS,39,6.1NRT,294.74,14.89,D
34.693,94.88905,304.09,2.09,1.41,2026-07-26,317,Terra,MODIS,19,6.1NRT,287.85,8.5,D
34.69737,94.86768,304.38,2.08,1.4,2026-07-26,317,Terra,MODIS,20,6.1NRT,287.65,9.39,D
23.64766,85.43971,312.35,1.01,1,2026-07-26,319,Terra,MODIS,60,6.1NRT,294.55,5.92,D
23.68102,86.39816,313.71,1.06,1.03,2026-07-26,319,Terra,MODIS,0,6.1NRT,294.68,7.41,D
23.70218,86.07624,317.01,1.04,1.02,2026-07-26,319,Terra,MODIS,61,6.1NRT,295.24,8.88,D
23.71037,86.45058,314.25,1.06,1.03,2026-07-26,319,Terra,MODIS,50,6.1NRT,295.57,6.91,D
23.74036,86.43524,312.39,1.06,1.03,2026-07-26,319,Terra,MODIS,31,6.1NRT,294.83,5.03,D
23.75342,85.85497,314.11,1.02,1.01,2026-07-26,319,Terra,MODIS,64,6.1NRT,296.33,6.59,D
23.76287,86.40831,314.21,1.06,1.03,2026-07-26,319,Terra,MODIS,54,6.1NRT,293.58,6.65,D
23.76439,86.39833,316.34,1.06,1.03,2026-07-26,319,Terra,MODIS,66,6.1NRT,295.87,8.68,D
23.82024,84.56918,313.13,1,1,2026-07-26,319,Terra,MODIS,57,6.1NRT,295.14,5.24,D
14.3941,79.81847,314.94,1.24,1.11,2026-07-26,321,Terra,MODIS,60,6.1NRT,293.92,7.48,D
16.27576,80.28195,315.81,1.23,1.1,2026-07-26,321,Terra,MODIS,49,6.1NRT,294.23,7.53,D
9.20549,77.77815,321.86,1.44,1.19,2026-07-26,323,Terra,MODIS,70,6.1NRT,301.81,11.43,D
26.77068,71.39038,323.62,1.46,1.19,2026-07-27,357,Terra,MODIS,39,6.1NRT,293.99,19.42,D
26.78118,71.39174,323.74,1.46,1.19,2026-07-27,357,Terra,MODIS,46,6.1NRT,294.03,19.31,D
26.82709,71.41891,325.67,1.46,1.19,2026-07-27,357,Terra,MODIS,75,6.1NRT,294.42,23.46,D
26.8714,71.49675,323.78,1.44,1.19,2026-07-27,357,Terra,MODIS,67,6.1NRT,294.61,19.51,D
26.87302,71.48264,321.85,1.45,1.19,2026-07-27,357,Terra,MODIS,25,6.1NRT,294.55,15.58,D
26.88026,77.47848,317.59,1.07,1.03,2026-07-27,357,Terra,MODIS,65,6.1NRT,297.25,6.63,D
26.88803,71.50515,322.99,1.44,1.19,2026-07-27,357,Terra,MODIS,63,6.1NRT,294.58,18.54,D
32.8525,95.5257,317.52,1.42,1.18,2026-07-27,833,Aqua,MODIS,59,6.1NRT,298.4,19.95,D
8.17785,77.65081,321.6,1.39,1.17,2026-07-27,1004,Aqua,MODIS,69,6.1NRT,301.04,12.16,D
8.17873,77.64345,323.9,1.4,1.17,2026-07-27,1004,Aqua,MODIS,72,6.1NRT,300.13,17.26,D
8.41825,80.32434,316.42,1.03,1.01,2026-07-27,1004,Aqua,MODIS,56,6.1NRT,301.26,6.28,D
8.60665,80.84334,320.77,1,1,2026-07-27,1004,Aqua,MODIS,67,6.1NRT,302.38,9.73,D
8.7652,80.5448,316.63,1.01,1.01,2026-07-27,1004,Aqua,MODIS,36,6.1NRT,300.63,6.35,D
8.78843,80.32561,327.29,1.02,1.01,2026-07-27,1004,Aqua,MODIS,79,6.1NRT,302.05,18.72,D
8.78977,80.33458,318.83,1.02,1.01,2026-07-27,1004,Aqua,MODIS,64,6.1NRT,300.96,9.75,D
10.58449,79.66574,321.97,1.04,1.02,2026-07-27,1004,Aqua,MODIS,68,6.1NRT,299.34,6.43,D
23.67893,86.39359,302.59,1.08,1.04,2026-07-27,1452,Terra,MODIS,31,6.1NRT,284.36,6.92,N
30.93625,95.96451,301.55,1.41,1.17,2026-07-28,258,Terra,MODIS,24,6.1NRT,286.78,7.51,D
32.2617,96.82269,310.39,1.5,1.21,2026-07-28,258,Terra,MODIS,70,6.1NRT,291.87,14.64,D
32.27222,96.82449,304.61,1.5,1.21,2026-07-28,258,Terra,MODIS,34,6.1NRT,290.63,7.73,D
32.66383,96.60548,309.06,1.43,1.18,2026-07-28,258,Terra,MODIS,43,6.1NRT,293.53,11.32,D
33.76563,96.76118,304.3,1.39,1.17,2026-07-28,258,Terra,MODIS,35,6.1NRT,292.88,6.45,D
33.76817,96.74716,310.3,1.39,1.17,2026-07-28,258,Terra,MODIS,68,6.1NRT,293.6,12.61,D
34.62662,95.47017,304.13,1.16,1.07,2026-07-28,258,Terra,MODIS,16,6.1NRT,291.61,3.28,D
34.39202,73.72386,307.07,1.68,1.28,2026-07-28,434,Terra,MODIS,27,6.1NRT,291.5,10.92,D
19.36296,71.35247,314.97,2.42,1.5,2026-07-28,438,Terra,MODIS,62,6.1NRT,289.88,24.05,D
19.37319,71.36101,318.68,2.42,1.5,2026-07-28,438,Terra,MODIS,70,6.1NRT,290.1,38.1,D
9.52107,77.78556,325.19,2.2,1.44,2026-07-28,1041,Aqua,MODIS,67,6.1NRT,298.68,25.53,D
19.36592,71.35665,311.59,1.11,1.05,2026-07-28,1043,Aqua,MODIS,47,6.1NRT,292.35,7.18,D
22.1284,95.88766,307.25,1.38,1.16,2026-07-28,1355,Terra,MODIS,50,6.1NRT,292.56,6.59,N
8.40776,80.75702,306.98,1.21,1.09,2026-07-28,1526,Terra,MODIS,63,6.1NRT,294.78,5.87,N
8.48806,80.81665,308.48,1.22,1.1,2026-07-28,1526,Terra,MODIS,68,6.1NRT,294.61,7.4,N
8.6076,77.94223,307.83,1,1,2026-07-28,1526,Terra,MODIS,66,6.1NRT,296.84,4.08,N
9.51728,77.78711,317.12,1,1,2026-07-28,1529,Terra,MODIS,94,6.1NRT,290.54,11.16,N
9.52606,77.78585,309.32,1,1,2026-07-28,1529,Terra,MODIS,76,6.1NRT,290.14,5.39,N
24.99842,75.1988,312.53,1.67,1.27,2026-07-29,338,Terra,MODIS,54,6.1NRT,290.95,11.4,D
8.3913,77.94962,322.93,1.05,1.02,2026-07-29,342,Terra,MODIS,77,6.1NRT,299.2,12.04,D
8.91225,80.44315,310.88,1.39,1.17,2026-07-29,342,Terra,MODIS,58,6.1NRT,289.67,9.78,D
9.41587,78.71165,318.93,1.09,1.04,2026-07-29,342,Terra,MODIS,70,6.1NRT,295.46,7.81,D
20.94587,86.04146,314.33,1.1,1.05,2026-07-29,943,Aqua,MODIS,47,6.1NRT,293.68,6.13,D
20.96362,85.17407,319.34,1.03,1.02,2026-07-29,943,Aqua,MODIS,64,6.1NRT,292.82,10.6,D
36.63548,73.63401,317.63,1.76,1.3,2026-07-29,949,Aqua,MODIS,60,6.1NRT,296.93,26.61,D
36.63886,73.65053,332.33,1.76,1.3,2026-07-29,949,Aqua,MODIS,84,6.1NRT,297.03,65.1,D
22.37561,87.27758,303.49,1.17,1.08,2026-07-29,1431,Terra,MODIS,48,6.1NRT,281.13,5.74,N
23.679,86.40153,303.12,1.21,1.09,2026-07-29,2153,Aqua,MODIS,30,6.1NRT,290.15,5.64,N
35.87055,87.76991,308.28,2.13,1.42,2026-07-30,850,Aqua,MODIS,44,6.1NRT,289.82,16.39,D
8.26479,77.61663,321.65,1,1,2026-07-30,1019,Aqua,MODIS,58,6.1NRT,300.71,7.95,D
8.60196,77.96186,325.35,1.01,1.01,2026-07-30,1019,Aqua,MODIS,62,6.1NRT,302.31,11.3,D
8.62478,80.34215,319.67,1.26,1.12,2026-07-30,1019,Aqua,MODIS,72,6.1NRT,297.54,12.4,D
9.09162,79.78848,319.93,1.19,1.08,2026-07-30,1019,Aqua,MODIS,62,6.1NRT,296.29,11.99,D
9.42223,78.84657,352.7,1.08,1.04,2026-07-30,1019,Aqua,MODIS,96,6.1NRT,300.93,61.57,D
9.42357,78.85609,324.92,1.08,1.04,2026-07-30,1019,Aqua,MODIS,66,6.1NRT,299.9,10.85,D
9.62723,80.25657,316.78,1.29,1.13,2026-07-30,1019,Aqua,MODIS,44,6.1NRT,297.97,7.95,D
9.62878,80.2679,321.14,1.29,1.13,2026-07-30,1019,Aqua,MODIS,66,6.1NRT,297.97,13.77,D
9.69565,79.8045,311.04,1.21,1.09,2026-07-30,1019,Aqua,MODIS,46,6.1NRT,294.38,7.82,D
10.77959,78.59415,324.45,1.09,1.04,2026-07-30,1019,Aqua,MODIS,77,6.1NRT,291.3,15.9,D
10.78093,78.60376,329.58,1.09,1.04,2026-07-30,1019,Aqua,MODIS,71,6.1NRT,290.32,22.83,D
29.70672,72.74747,320.19,1,1,2026-07-30,1024,Aqua,MODIS,58,6.1NRT,292.65,8.84,D
30.41449,71.83112,323.99,1,1,2026-07-30,1024,Aqua,MODIS,72,6.1NRT,300.88,9.59,D
30.47476,71.99489,321.46,1,1,2026-07-30,1024,Aqua,MODIS,68,6.1NRT,299.44,7.08,D
30.63296,72.0545,318.99,1,1,2026-07-30,1024,Aqua,MODIS,59,6.1NRT,296.44,7.18,D
9.39546,77.84373,307.55,1.75,1.3,2026-07-30,1507,Terra,MODIS,70,6.1NRT,292.72,7.87,N
20.86258,84.99079,301.7,1.56,1.23,2026-07-30,1509,Terra,MODIS,16,6.1NRT,288.61,7.08,N
20.96404,85.18328,302.06,1.62,1.25,2026-07-30,1509,Terra,MODIS,43,6.1NRT,277.39,8.48,N
20.97339,85.16686,303.7,1.61,1.25,2026-07-30,1509,Terra,MODIS,37,6.1NRT,279.71,10.24,N
22.36233,82.3022,305.24,1.13,1.06,2026-07-30,1512,Terra,MODIS,33,6.1NRT,287.39,6.7,N
23.16779,82.33232,303.95,1.15,1.07,2026-07-30,1512,Terra,MODIS,58,6.1NRT,291.14,4.78,N
23.16916,82.34328,305.88,1.16,1.07,2026-07-30,1512,Terra,MODIS,66,6.1NRT,291.14,6.17,N
20.96851,85.18414,311.08,1.97,1.37,2026-07-30,2229,Aqua,MODIS,82,6.1NRT,289.81,22.72,N
20.97185,85.16621,304.55,1.96,1.37,2026-07-30,2229,Aqua,MODIS,61,6.1NRT,289.17,10.7,N
21.74694,83.84995,313.82,1.53,1.22,2026-07-30,2229,Aqua,MODIS,88,6.1NRT,287.83,19.43,N
21.74946,83.83587,304.19,1.52,1.22,2026-07-30,2229,Aqua,MODIS,45,6.1NRT,287.86,7.12,N
21.75746,83.85217,303.64,1.53,1.22,2026-07-30,2229,Aqua,MODIS,43,6.1NRT,288.33,6.31,N