latitude,longitude,brightness,scan,track,acq_date,acq_time,satellite,instrument,confidence,version,bright_t31,frp,daynight,type
29.3046,90.7232,336.1,1,1,2026-06-08,309,Terra,MODIS,88,61.03,305.1,29.3,D,0
29.6638,91.2134,319.5,1.1,1,2026-06-08,309,Terra,MODIS,70,61.03,298.8,10,D,0
29.6654,91.2028,318.9,1.1,1,2026-06-08,309,Terra,MODIS,55,61.03,299.1,9.5,D,0
29.6738,91.3304,317.6,1.1,1,2026-06-08,309,Terra,MODIS,51,61.03,300.2,6.8,D,0
27.9913,86.2845,300.8,1.2,1.1,2026-06-08,310,Terra,MODIS,28,61.03,283.1,5.5,D,0
22.3747,87.2794,315.5,1,1,2026-06-08,311,Terra,MODIS,62,61.03,295.6,7.7,D,2
23.6481,85.4379,316.3,1.2,1.1,2026-06-08,311,Terra,MODIS,58,61.03,301.4,8.1,D,0
23.6649,87.1565,318.1,1,1,2026-06-08,311,Terra,MODIS,67,61.03,302.5,7.3,D,2
23.688,87.1202,318.1,1,1,2026-06-08,311,Terra,MODIS,57,61.03,302.9,6.8,D,2
23.734,86.4342,321.9,1.1,1,2026-06-08,311,Terra,MODIS,48,61.03,304.5,10.1,D,2
23.7653,86.4076,320.9,1.1,1,2026-06-08,311,Terra,MODIS,34,61.03,303.3,8.6,D,2
23.782,86.2094,316.4,1.1,1,2026-06-08,311,Terra,MODIS,53,61.03,302.3,6.8,D,2
23.8036,86.3292,318.3,1.1,1,2026-06-08,311,Terra,MODIS,39,61.03,303.7,7.6,D,2
8.6202,78.0324,316.7,1,1,2026-06-08,1007,Aqua,MODIS,66,61.03,299.8,5.6,D,0
9.4502,78.7659,338.2,1,1,2026-06-08,1007,Aqua,MODIS,87,61.03,295.2,28.9,D,0
11.5507,79.0465,322.6,1,1,2026-06-08,1007,Aqua,MODIS,50,61.03,296.4,8.1,D,0
12.4388,79.9049,317.9,1.1,1.1,2026-06-08,1008,Aqua,MODIS,31,61.03,289.3,6.1,D,0
12.6385,79.9454,328.9,1.1,1.1,2026-06-08,1008,Aqua,MODIS,79,61.03,298.8,17.3,D,0
12.6441,79.9389,328.4,1.1,1.1,2026-06-08,1008,Aqua,MODIS,79,61.03,298.2,19.7,D,0
12.6455,79.949,335.3,1.1,1.1,2026-06-08,1008,Aqua,MODIS,76,61.03,298.5,31,D,0
14.4061,79.2005,319.9,1.1,1,2026-06-08,1008,Aqua,MODIS,13,61.03,296,8.3,D,0
17.3088,81.103,320.2,1.5,1.2,2026-06-08,1009,Aqua,MODIS,64,61.03,296.4,14.3,D,0
17.8522,79.6131,314.1,1.3,1.1,2026-06-08,1009,Aqua,MODIS,46,61.03,277.7,6.6,D,0
18.111,79.5052,315.5,1.2,1.1,2026-06-08,1009,Aqua,MODIS,47,61.03,280.6,5.9,D,0
18.3233,79.5497,323.3,1.3,1.1,2026-06-08,1009,Aqua,MODIS,65,61.03,293.9,9.4,D,0
18.3867,79.4754,323.7,1.2,1.1,2026-06-08,1009,Aqua,MODIS,71,61.03,296.3,11.6,D,0
18.4345,79.693,319.7,1.3,1.1,2026-06-08,1009,Aqua,MODIS,40,61.03,290.4,8.4,D,0
18.4533,79.6068,328.2,1.3,1.1,2026-06-08,1009,Aqua,MODIS,56,61.03,297,16,D,0
18.5229,79.2203,324.7,1.2,1.1,2026-06-08,1009,Aqua,MODIS,67,61.03,297.4,11.3,D,0
18.5325,79.2189,323.4,1.2,1.1,2026-06-08,1009,Aqua,MODIS,50,61.03,297.8,9,D,0
18.5763,79.2169,323.8,1.2,1.1,2026-06-08,1009,Aqua,MODIS,58,61.03,298.8,9.4,D,0
18.5778,79.228,335.4,1.2,1.1,2026-06-08,1009,Aqua,MODIS,73,61.03,297.1,28.1,D,0
18.5991,79.1683,333.6,1.2,1.1,2026-06-08,1009,Aqua,MODIS,82,61.03,299,26.6,D,0
20.7329,79.6183,329.5,1.4,1.2,2026-06-08,1010,Aqua,MODIS,70,61.03,301.4,21.2,D,0
20.7345,79.631,328.8,1.4,1.2,2026-06-08,1010,Aqua,MODIS,68,61.03,301.7,20.3,D,0
21.1053,72.6445,330.7,1.3,1.1,2026-06-08,1010,Aqua,MODIS,0,61.03,306.3,22.8,D,2
21.2683,72.832,324,1.2,1.1,2026-06-08,1010,Aqua,MODIS,54,61.03,305.8,11.5,D,2
21.3093,74.368,332.1,1,1,2026-06-08,1010,Aqua,MODIS,73,61.03,310.2,13.1,D,0
21.3108,74.3777,336.7,1,1,2026-06-08,1010,Aqua,MODIS,80,61.03,310.5,19.8,D,0
21.3423,75.2461,328.1,1,1,2026-06-08,1010,Aqua,MODIS,58,61.03,309.3,7.1,D,0
22.3872,73.4402,327.2,1.1,1,2026-06-08,1011,Aqua,MODIS,59,61.03,309.5,9,D,0
28.0727,80.0057,325.1,1.8,1.3,2026-06-08,1012,Aqua,MODIS,68,61.03,306.4,18,D,0
28.1398,80.1216,323.9,1.9,1.3,2026-06-08,1012,Aqua,MODIS,66,61.03,304.1,18.8,D,0
29.9912,76.9607,336.8,1.3,1.1,2026-06-08,1012,Aqua,MODIS,81,61.03,313.5,27.1,D,0
30.1223,73.0529,328.4,1,1,2026-06-08,1013,Aqua,MODIS,53,61.03,312.8,9.5,D,0
30.1238,73.0629,331.6,1,1,2026-06-08,1013,Aqua,MODIS,67,61.03,314.1,13.5,D,0
30.4508,73.6401,328.8,1,1,2026-06-08,1013,Aqua,MODIS,58,61.03,311.3,11.7,D,0
30.4523,73.6502,343,1,1,2026-06-08,1013,Aqua,MODIS,86,61.03,311.1,32.8,D,0
30.4538,73.7222,328.2,1,1,2026-06-08,1013,Aqua,MODIS,53,61.03,311.2,10.2,D,0
30.5715,77.1181,328,1.3,1.1,2026-06-08,1013,Aqua,MODIS,67,61.03,314,12.4,D,0
30.5957,73.6097,344.1,1,1,2026-06-08,1013,Aqua,MODIS,88,61.03,312.5,34.9,D,0
30.5971,73.6198,337,1,1,2026-06-08,1013,Aqua,MODIS,79,61.03,310.1,23,D,0
30.6333,73.5609,327.2,1,1,2026-06-08,1013,Aqua,MODIS,50,61.03,310,9.5,D,0
30.6695,73.564,335.6,1,1,2026-06-08,1013,Aqua,MODIS,77,61.03,310.9,20.2,D,0
30.6974,73.8801,328,1,1,2026-06-08,1013,Aqua,MODIS,54,61.03,311.4,10.9,D,0
30.781,74.0658,335.1,1,1,2026-06-08,1013,Aqua,MODIS,76,61.03,311.3,21,D,0
30.8103,73.8146,330.5,1,1,2026-06-08,1013,Aqua,MODIS,67,61.03,311.8,13.2,D,0
30.8552,73.9414,335.2,1,1,2026-06-08,1013,Aqua,MODIS,77,61.03,311,20.7,D,0
30.8847,73.3779,332.1,1,1,2026-06-08,1013,Aqua,MODIS,72,61.03,312.4,14.8,D,0
30.9994,78.0072,322.6,1.5,1.2,2026-06-08,1013,Aqua,MODIS,61,61.03,303.5,20.9,D,0
31.0443,75.5978,334.8,1.1,1.1,2026-06-08,1013,Aqua,MODIS,78,61.03,317.1,15.6,D,0
31.1858,76.8747,343.2,1.3,1.1,2026-06-08,1013,Aqua,MODIS,89,61.03,306.6,57,D,0
31.2462,77.2166,322.2,1.3,1.2,2026-06-08,1013,Aqua,MODIS,38,61.03,306.7,10.7,D,0
31.2702,77.3382,322.6,1.4,1.2,2026-06-08,1013,Aqua,MODIS,63,61.03,306.3,13.5,D,0
31.3696,75.4808,331.5,1.1,1.1,2026-06-08,1013,Aqua,MODIS,74,61.03,309.7,19.1,D,0
31.3697,77.4005,323.1,1.4,1.2,2026-06-08,1013,Aqua,MODIS,32,61.03,308.3,11.5,D,0
31.3787,75.4792,324.4,1.1,1.1,2026-06-08,1013,Aqua,MODIS,52,61.03,308.7,9.8,D,0
31.4602,76.87,331,1.3,1.1,2026-06-08,1013,Aqua,MODIS,79,61.03,309.9,25.4,D,0
31.5103,75.079,332.2,1.1,1,2026-06-08,1013,Aqua,MODIS,73,61.03,311.7,17.3,D,0
31.6259,76.2032,327.5,1.2,1.1,2026-06-08,1013,Aqua,MODIS,68,61.03,312,11.2,D,0
31.6303,75.011,332.5,1.1,1,2026-06-08,1013,Aqua,MODIS,73,61.03,310.9,17.7,D,0
31.6317,75.022,333.6,1.1,1,2026-06-08,1013,Aqua,MODIS,75,61.03,310.4,19.5,D,0
31.6541,75.8495,336.9,1.2,1.1,2026-06-08,1013,Aqua,MODIS,82,61.03,314.9,28,D,0
31.6556,75.8613,326.8,1.2,1.1,2026-06-08,1013,Aqua,MODIS,66,61.03,313.6,11,D,0
31.8909,75.0979,330.4,1.1,1,2026-06-08,1013,Aqua,MODIS,69,61.03,315.8,10.5,D,0
31.9953,75.9049,330.4,1.2,1.1,2026-06-08,1013,Aqua,MODIS,74,61.03,313.4,16.1,D,0
32.0527,75.8646,335,1.2,1.1,2026-06-08,1013,Aqua,MODIS,80,61.03,313.4,24.7,D,0
32.4233,76.0447,325.5,1.2,1.1,2026-06-08,1013,Aqua,MODIS,33,61.03,304.4,17.3,D,0
32.4329,76.0434,323.7,1.2,1.1,2026-06-08,1013,Aqua,MODIS,31,61.03,304.1,15.8,D,0
32.444,74.548,332.9,1.1,1,2026-06-08,1013,Aqua,MODIS,76,61.03,314.4,15.5,D,0
32.5298,75.9203,346.7,1.2,1.1,2026-06-08,1013,Aqua,MODIS,92,61.03,309.5,54,D,0
32.5392,75.9181,325.7,1.2,1.1,2026-06-08,1013,Aqua,MODIS,48,61.03,307.2,13.8,D,0
32.5406,75.9294,324.1,1.2,1.1,2026-06-08,1013,Aqua,MODIS,35,61.03,303.9,13.9,D,0
32.5641,76.1191,321.8,1.2,1.1,2026-06-08,1013,Aqua,MODIS,59,61.03,307,10.9,D,2
32.6575,76.0577,326,1.2,1.1,2026-06-08,1013,Aqua,MODIS,71,61.03,308.3,15.1,D,0
32.7233,75.271,323.9,1.1,1.1,2026-06-08,1013,Aqua,MODIS,49,61.03,307.1,10,D,0
32.7309,75.2574,324.9,1.1,1.1,2026-06-08,1013,Aqua,MODIS,59,61.03,306.4,10.7,D,0
32.8457,74.8659,328.5,1.1,1,2026-06-08,1013,Aqua,MODIS,72,61.03,313.6,11.1,D,0
32.8472,74.8773,335,1.1,1,2026-06-08,1013,Aqua,MODIS,81,61.03,313.6,20.8,D,0
32.9188,74.8567,331.7,1.1,1,2026-06-08,1013,Aqua,MODIS,78,61.03,312.4,16.3,D,0
32.9861,74.1126,332.5,1,1,2026-06-08,1013,Aqua,MODIS,78,61.03,317.9,12.1,D,0
32.9876,74.1232,340.6,1,1,2026-06-08,1013,Aqua,MODIS,87,61.03,317.6,25.4,D,0
32.989,74.485,329.7,1.1,1,2026-06-08,1013,Aqua,MODIS,64,61.03,311.6,13.6,D,0
32.9948,75.1553,320.4,1.1,1.1,2026-06-08,1013,Aqua,MODIS,39,61.03,307,6.4,D,0
33.0388,74.368,326.6,1.1,1,2026-06-08,1013,Aqua,MODIS,70,61.03,311.4,9.6,D,0
33.0553,74.087,335.2,1,1,2026-06-08,1013,Aqua,MODIS,82,61.03,312.7,19,D,0
33.0568,74.0978,335.6,1,1,2026-06-08,1013,Aqua,MODIS,82,61.03,311.7,20,D,0
33.1116,74.027,343.5,1,1,2026-06-08,1013,Aqua,MODIS,89,61.03,315,34.7,D,0
33.113,74.0377,335.7,1,1,2026-06-08,1013,Aqua,MODIS,82,61.03,314.5,20.7,D,0
33.137,75.0471,325.6,1.1,1.1,2026-06-08,1013,Aqua,MODIS,71,61.03,309.2,12.3,D,0
33.1385,75.0589,322,1.1,1.1,2026-06-08,1013,Aqua,MODIS,58,61.03,308,7.9,D,0
33.2511,74.3031,324.6,1.1,1,2026-06-08,1013,Aqua,MODIS,57,61.03,309.6,7.2,D,0
33.3381,74.2688,338.5,1.1,1,2026-06-08,1013,Aqua,MODIS,87,61.03,310.3,27.9,D,0
33.4069,74.2259,321.1,1.1,1,2026-06-08,1013,Aqua,MODIS,49,61.03,308.1,7.3,D,0
33.5074,74.1561,318.4,1,1,2026-06-08,1014,Aqua,MODIS,48,61.03,307.3,6.7,D,0
33.6415,73.9182,318.5,1,1,2026-06-08,1014,Aqua,MODIS,47,61.03,305.6,6.6,D,0
33.7469,72.9435,323.3,1,1,2026-06-08,1014,Aqua,MODIS,43,61.03,312.5,6.3,D,0
33.861,72.0371,351.6,1,1,2026-06-08,1014,Aqua,MODIS,95,61.03,323,44.3,D,0
33.8626,72.0476,379.3,1,1,2026-06-08,1014,Aqua,MODIS,100,61.03,323.9,129.4,D,0
34.6936,72.0906,332.3,1,1,2026-06-08,1014,Aqua,MODIS,79,61.03,316.8,13.9,D,0
12.1056,79.6876,310.1,1.5,1.2,2026-06-08,1540,Terra,MODIS,79,61.03,295.4,8.2,N,0
28.1336,68.4635,321.2,1.3,1.1,2026-06-08,1545,Terra,MODIS,100,61.03,306.1,17.9,N,0
28.1343,68.4571,320.3,1.3,1.1,2026-06-08,1545,Terra,MODIS,100,61.03,305.5,16.5,N,0
28.1601,68.9365,314.1,1.2,1.1,2026-06-08,1545,Terra,MODIS,76,61.03,304,8.8,N,0
30.8256,73.5156,313.9,1.1,1.1,2026-06-08,1545,Terra,MODIS,82,61.03,301.3,9.6,N,0
31.3783,77.4069,304.5,1.9,1.3,2026-06-08,1545,Terra,MODIS,37,61.03,292.6,11.5,N,0
31.5832,76.5305,314.1,1.7,1.3,2026-06-08,1546,Terra,MODIS,89,61.03,296.5,19.4,N,0
31.5835,76.5238,306.7,1.7,1.3,2026-06-08,1546,Terra,MODIS,69,61.03,296.3,9.1,N,0
31.5851,76.5413,309.3,1.7,1.3,2026-06-08,1546,Terra,MODIS,77,61.03,296,12.9,N,0
32.4244,76.0458,308,1.6,1.2,2026-06-08,1546,Terra,MODIS,68,61.03,292.3,13.6,N,0
32.4354,76.0452,305,1.6,1.2,2026-06-08,1546,Terra,MODIS,26,61.03,292.5,9.4,N,0
32.502,73.1069,320.7,1.1,1,2026-06-08,1546,Terra,MODIS,100,61.03,300.7,17,N,0
32.5034,73.1184,313.2,1.1,1.1,2026-06-08,1546,Terra,MODIS,79,61.03,300.5,9.3,N,0
32.6556,76.065,303.9,1.6,1.2,2026-06-08,1546,Terra,MODIS,57,61.03,293.5,7.7,N,0
32.7221,75.4853,308.2,1.5,1.2,2026-06-08,1546,Terra,MODIS,74,61.03,296.5,10.1,N,0
32.7375,75.2601,310.7,1.4,1.2,2026-06-08,1546,Terra,MODIS,72,61.03,296.1,11.1,N,0
32.9486,74.5506,311.4,1.3,1.1,2026-06-08,1546,Terra,MODIS,82,61.03,301,9.5,N,0
33.2032,74.6493,307.9,1.3,1.1,2026-06-08,1546,Terra,MODIS,73,61.03,295.3,9.2,N,0
33.2049,74.6642,308.6,1.3,1.1,2026-06-08,1546,Terra,MODIS,75,61.03,296,9.5,N,0
33.3792,74.3945,305.7,1.3,1.1,2026-06-08,1546,Terra,MODIS,65,61.03,295.6,6.7,N,0
20.9646,85.1897,306.2,1.6,1.2,2026-06-08,2217,Aqua,MODIS,29,61.03,284.8,12.8,N,2
20.965,86.0216,303.1,1.8,1.3,2026-06-08,2217,Aqua,MODIS,53,61.03,289.5,9,N,2
20.9673,85.1751,310,1.6,1.2,2026-06-08,2217,Aqua,MODIS,78,61.03,285,17.1,N,2
20.968,86.0049,302.4,1.8,1.3,2026-06-08,2217,Aqua,MODIS,49,61.03,288.9,8.4,N,2
20.9858,85.1338,301.1,1.6,1.2,2026-06-08,2217,Aqua,MODIS,19,61.03,280.9,6.6,N,2
21.9273,83.3493,300.6,1.2,1.1,2026-06-08,2217,Aqua,MODIS,28,61.03,282.7,3.5,N,2
22.3585,82.3089,301.5,1.1,1,2026-06-08,2217,Aqua,MODIS,42,61.03,277.3,4.7,N,2
13.8919,79.227,300.7,1,1,2026-06-08,2220,Aqua,MODIS,27,61.03,271.4,5.2,N,0
30.6184,74.6801,335.9,1.6,1.3,2026-06-09,348,Terra,MODIS,81,61.03,310.8,40,D,0
31.8991,75.0883,324.9,1.6,1.2,2026-06-09,348,Terra,MODIS,68,61.03,307.5,13.8,D,0
32.7353,76.0911,321.3,1.4,1.2,2026-06-09,348,Terra,MODIS,65,61.03,303.3,16.3,D,0
33.1358,75.0362,319.5,1.7,1.3,2026-06-09,348,Terra,MODIS,65,61.03,302.7,15.9,D,0
27.8035,78.3358,319.8,1,1,2026-06-09,349,Terra,MODIS,42,61.03,303,6.4,D,0
28.2999,80.1721,324.3,1,1,2026-06-09,349,Terra,MODIS,70,61.03,305.8,10.4,D,0
29.1972,79.5336,319.9,1,1,2026-06-09,349,Terra,MODIS,70,61.03,306,6,D,2
29.5277,75.4054,332.5,1.4,1.2,2026-06-09,349,Terra,MODIS,75,61.03,308.1,26.8,D,0
21.7399,83.8458,318.2,1.9,1.4,2026-06-09,350,Terra,MODIS,52,61.03,293.2,15.8,D,2
21.7516,83.8483,318,1.9,1.4,2026-06-09,350,Terra,MODIS,35,61.03,293.3,15.2,D,2
22.1523,82.0767,320,1.4,1.2,2026-06-09,350,Terra,MODIS,65,61.03,296.4,8.8,D,0
22.36,82.3026,321.5,1.5,1.2,2026-06-09,350,Terra,MODIS,62,61.03,300.4,13.8,D,2
23.7624,78.9097,322.8,1,1,2026-06-09,350,Terra,MODIS,53,61.03,301.9,6.9,D,0
20.2678,75.5031,323.8,1.1,1,2026-06-09,351,Terra,MODIS,67,61.03,305.2,9.1,D,0
20.4524,81.4708,318.5,1.4,1.2,2026-06-09,351,Terra,MODIS,37,61.03,288.8,10.4,D,0
20.6962,77.2345,323.7,1,1,2026-06-09,351,Terra,MODIS,67,61.03,302.1,7.9,D,0
21.0615,72.9514,320,1.6,1.2,2026-06-09,351,Terra,MODIS,60,61.03,296.7,20,D,0
21.0968,72.6438,317.9,1.7,1.3,2026-06-09,351,Terra,MODIS,0,61.03,298.9,13.2,D,2
21.108,72.6451,318.9,1.7,1.3,2026-06-09,351,Terra,MODIS,0,61.03,299.3,15.1,D,2
14.2667,79.8441,319,1.4,1.2,2026-06-09,352,Terra,MODIS,71,61.03,297.3,8.6,D,0
14.7323,78.5171,317.9,1.1,1.1,2026-06-09,352,Terra,MODIS,71,61.03,290.6,9.7,D,0
17.7915,79.9117,312.8,1.2,1.1,2026-06-09,352,Terra,MODIS,28,61.03,283.4,6.1,D,0
18.6126,73.2411,316.3,1.4,1.2,2026-06-09,352,Terra,MODIS,39,61.03,296,12.1,D,0
12.0498,79.6304,317.8,1.4,1.2,2026-06-09,353,Terra,MODIS,68,61.03,291,11.8,D,0
12.0519,79.6373,318.1,1.4,1.2,2026-06-09,353,Terra,MODIS,69,61.03,291.5,12.3,D,0
13.8716,79.227,319.1,1.3,1.1,2026-06-09,353,Terra,MODIS,55,61.03,295.2,13.7,D,0
13.8813,79.2291,321.1,1.3,1.1,2026-06-09,353,Terra,MODIS,42,61.03,296.1,15.4,D,0
13.8832,79.2171,325.6,1.3,1.1,2026-06-09,353,Terra,MODIS,73,61.03,295.5,22,D,0
13.9008,79.2328,318.2,1.3,1.1,2026-06-09,353,Terra,MODIS,54,61.03,295.5,11.3,D,0
14.1548,79.1723,319.3,1.2,1.1,2026-06-09,353,Terra,MODIS,68,61.03,295.1,9.3,D,0
10.4497,79.228,311.7,1.4,1.2,2026-06-09,354,Terra,MODIS,60,61.03,285.3,10.4,D,0
20.9635,85.1633,323,1.9,1.3,2026-06-09,910,Aqua,MODIS,56,61.03,293.9,22.7,D,2
22.9419,69.1504,326.7,1.3,1.1,2026-06-09,1049,Aqua,MODIS,70,61.03,303,16.3,D,0
22.9427,69.1447,323.6,1.3,1.1,2026-06-09,1049,Aqua,MODIS,59,61.03,303.1,13,D,0
23.717,69.2173,339.6,1.3,1.1,2026-06-09,1049,Aqua,MODIS,85,61.03,310.8,36.9,D,0
23.7185,69.2298,327.8,1.3,1.1,2026-06-09,1049,Aqua,MODIS,67,61.03,310,12.4,D,0
24.0845,69.4567,332,1.4,1.2,2026-06-09,1049,Aqua,MODIS,72,61.03,309.6,17.6,D,0
27.8944,68.4093,335,1.3,1.1,2026-06-09,1050,Aqua,MODIS,71,61.03,317.2,19.6,D,0
20.7979,85.2539,313,1.3,1.1,2026-06-09,1443,Terra,MODIS,78,61.03,298.8,9.8,N,2
20.9502,86.0454,310.7,1.1,1.1,2026-06-09,1443,Terra,MODIS,66,61.03,297.9,6,N,2
20.9604,85.1757,312.2,1.3,1.1,2026-06-09,1443,Terra,MODIS,61,61.03,301.3,7.6,N,2
20.9623,85.1875,315.1,1.3,1.1,2026-06-09,1443,Terra,MODIS,85,61.03,301,11.2,N,2
20.964,86.01,314.8,1.2,1.1,2026-06-09,1443,Terra,MODIS,84,61.03,298.2,10,N,2
20.9683,85.162,314.1,1.3,1.1,2026-06-09,1443,Terra,MODIS,81,61.03,301,9.3,N,2
20.9702,85.1739,321.2,1.3,1.1,2026-06-09,1443,Terra,MODIS,100,61.03,301.2,18.6,N,2
20.7521,81.721,307.2,2.2,1.5,2026-06-09,1444,Terra,MODIS,51,61.03,293.6,11.4,N,0
20.8647,81.9897,308.6,2.1,1.4,2026-06-09,1444,Terra,MODIS,59,61.03,295.3,11.5,N,0
20.9842,85.1345,311.9,1.3,1.1,2026-06-09,1444,Terra,MODIS,64,61.03,300.8,6.9,N,2
21.7437,83.84,312.7,1.5,1.2,2026-06-09,1444,Terra,MODIS,80,61.03,299.2,9.6,N,0
22.3799,87.279,311.9,1,1,2026-06-09,1444,Terra,MODIS,79,61.03,297.1,6.9,N,0
23.7076,86.0683,303.6,1.1,1,2026-06-09,1444,Terra,MODIS,46,61.03,286.5,3.6,N,0
23.7661,86.3998,301.8,1,1,2026-06-09,1444,Terra,MODIS,13,61.03,271.4,4.3,N,2
22.3281,69.8825,311.4,2.1,1.4,2026-06-09,1622,Terra,MODIS,78,61.03,296,22.3,N,2
32.4446,70.2478,311.6,3,1.6,2026-06-09,1625,Terra,MODIS,81,61.03,299.9,25.1,N,0
32.4467,70.2426,311.1,3,1.6,2026-06-09,1625,Terra,MODIS,80,61.03,299.9,24.1,N,0
32.6095,75.9825,328.5,1.1,1,2026-06-09,2252,Aqua,MODIS,100,61.03,291.6,30.8,N,0
32.6114,75.9714,325.8,1.1,1,2026-06-09,2252,Aqua,MODIS,100,61.03,291.9,26.9,N,0
32.6535,75.6052,311.8,1.1,1,2026-06-09,2252,Aqua,MODIS,83,61.03,294.6,10.2,N,0
33.2646,74.3208,309.5,1,1,2026-06-09,2252,Aqua,MODIS,77,61.03,296,7.9,N,0
33.4249,74.25,302.7,1,1,2026-06-09,2252,Aqua,MODIS,51,61.03,292.7,4.7,N,0
34.5398,73.2665,304.9,1,1,2026-06-09,2252,Aqua,MODIS,62,61.03,293.7,6.7,N,0
34.5504,73.264,303.7,1,1,2026-06-09,2252,Aqua,MODIS,57,61.03,292.9,5.4,N,0
28.5654,77.5414,306.5,1.5,1.2,2026-06-09,2253,Aqua,MODIS,68,61.03,294.6,9.6,N,2
31.4043,76.8071,305,1.2,1.1,2026-06-09,2253,Aqua,MODIS,63,61.03,294.2,6.3,N,0
31.4741,76.5214,311,1.2,1.1,2026-06-09,2253,Aqua,MODIS,81,61.03,294.6,11.8,N,0
31.4762,76.5097,311,1.2,1.1,2026-06-09,2253,Aqua,MODIS,81,61.03,293.1,11.6,N,0
32.4301,70.2664,309.6,1.3,1.1,2026-06-09,2253,Aqua,MODIS,75,61.03,299.5,7,N,0
32.4317,70.2535,319.4,1.3,1.1,2026-06-09,2253,Aqua,MODIS,99,61.03,299.3,18.8,N,0
33.1414,74.7065,313.4,1.3,1.1,2026-06-10,426,Terra,MODIS,60,61.03,301.1,8.9,D,0
33.1438,74.6922,316.4,1.3,1.1,2026-06-10,426,Terra,MODIS,67,61.03,299.9,12.3,D,0
33.2641,76.167,306.2,1.6,1.2,2026-06-10,426,Terra,MODIS,41,61.03,294.7,12,D,0
31.0838,70.6109,328.4,1,1,2026-06-10,427,Terra,MODIS,67,61.03,313.9,8.6,D,0
32.4269,70.2606,325.5,1,1,2026-06-10,427,Terra,MODIS,53,61.03,310,8.1,D,0
32.4283,70.2503,328.2,1,1,2026-06-10,427,Terra,MODIS,70,61.03,311.7,12.2,D,0
32.4356,70.2623,337.6,1,1,2026-06-10,427,Terra,MODIS,83,61.03,311.9,24.1,D,0
32.8631,74.8809,326.6,1.3,1.1,2026-06-10,427,Terra,MODIS,79,61.03,308.1,17.2,D,0
32.8642,74.8721,324.3,1.3,1.1,2026-06-10,427,Terra,MODIS,72,61.03,307.5,13.9,D,0
33.0646,74.2431,317.3,1.2,1.1,2026-06-10,427,Terra,MODIS,38,61.03,305.9,6.3,D,0
33.1326,73.9799,326.7,1.2,1.1,2026-06-10,427,Terra,MODIS,75,61.03,308.8,16,D,0
27.724,68.16,326.7,1,1,2026-06-10,428,Terra,MODIS,64,61.03,313.4,8.6,D,0
28.2041,68.5686,327.7,1,1,2026-06-10,428,Terra,MODIS,64,61.03,314,7.8,D,0
29.4842,69.9197,329.4,1,1,2026-06-10,428,Terra,MODIS,56,61.03,318.3,7.9,D,0
29.4929,69.9212,331.9,1,1,2026-06-10,428,Terra,MODIS,73,61.03,318.4,11.2,D,0
22.9421,69.1523,339.4,1,1,2026-06-10,429,Terra,MODIS,88,61.03,304.4,31.1,D,0
23.4533,69.2503,322.4,1,1,2026-06-10,429,Terra,MODIS,62,61.03,305.3,6.9,D,0
19.0289,74.7438,324.6,2.5,1.5,2026-06-10,430,Terra,MODIS,74,61.03,302.2,39.3,D,0
19.0331,74.738,322.4,2.5,1.5,2026-06-10,430,Terra,MODIS,72,61.03,302.3,33.4,D,0
32.2016,96.4714,314.9,2,1.4,2026-06-10,813,Aqua,MODIS,70,61.03,294.7,26.9,D,2
13.8922,79.2101,314.4,1.4,1.2,2026-06-10,946,Aqua,MODIS,31,61.03,287.9,10.4,D,0
14.8791,79.8874,322.6,1.2,1.1,2026-06-10,946,Aqua,MODIS,68,61.03,294.6,11.9,D,0
16.2898,80.2292,324.6,1.1,1.1,2026-06-10,947,Aqua,MODIS,70,61.03,297.7,9.2,D,0
17.3151,81.1014,326.6,1,1,2026-06-10,947,Aqua,MODIS,70,61.03,294.6,14.3,D,0
17.3275,80.8853,346,1.1,1,2026-06-10,947,Aqua,MODIS,91,61.03,304.2,45.2,D,0
17.329,80.8949,333.7,1.1,1,2026-06-10,947,Aqua,MODIS,80,61.03,299.6,24.1,D,0
17.354,80.8753,324.6,1.1,1,2026-06-10,947,Aqua,MODIS,64,61.03,303.1,10.5,D,0
17.8596,79.9097,334.8,1.1,1.1,2026-06-10,947,Aqua,MODIS,81,61.03,304.8,24.9,D,0
17.8876,80.3781,339.7,1.1,1,2026-06-10,947,Aqua,MODIS,86,61.03,306.3,27.7,D,0
17.8929,79.6998,331.7,1.2,1.1,2026-06-10,947,Aqua,MODIS,67,61.03,305,17.4,D,0
18.5222,79.7604,330.6,1.1,1.1,2026-06-10,947,Aqua,MODIS,67,61.03,304.2,16.8,D,0
18.5711,79.1563,326.2,1.2,1.1,2026-06-10,947,Aqua,MODIS,64,61.03,304.9,7.8,D,2
19.9563,79.5113,334.7,1.1,1.1,2026-06-10,948,Aqua,MODIS,79,61.03,305.6,23.1,D,0
20.3042,81.4818,331.3,1,1,2026-06-10,948,Aqua,MODIS,77,61.03,305.7,11.6,D,0
21.1837,82.3002,338.2,1,1,2026-06-10,948,Aqua,MODIS,83,61.03,305.5,27.2,D,0
21.2408,83.8691,321.6,1.2,1.1,2026-06-10,948,Aqua,MODIS,62,61.03,302.4,7.8,D,0
21.3434,83.8809,320.9,1.2,1.1,2026-06-10,948,Aqua,MODIS,58,61.03,301.6,8.4,D,0
21.7352,83.8405,327.9,1.2,1.1,2026-06-10,948,Aqua,MODIS,65,61.03,306.9,12.8,D,0
21.7433,83.9739,324.5,1.2,1.1,2026-06-10,948,Aqua,MODIS,55,61.03,305.7,12.2,D,0
21.7445,83.8391,331.2,1.2,1.1,2026-06-10,948,Aqua,MODIS,77,61.03,306.7,17.2,D,0
21.7516,83.8425,326.2,1.2,1.1,2026-06-10,948,Aqua,MODIS,27,61.03,305.8,9.9,D,2
21.7783,83.8272,326.4,1.2,1.1,2026-06-10,948,Aqua,MODIS,53,61.03,305.7,12.7,D,0
21.9435,82.5969,327.3,1,1,2026-06-10,948,Aqua,MODIS,56,61.03,310.5,7.9,D,0
22.0405,83.7245,329.7,1.2,1.1,2026-06-10,948,Aqua,MODIS,65,61.03,309.3,12.8,D,2
24.2626,80.2156,332.7,1,1,2026-06-10,949,Aqua,MODIS,70,61.03,315.1,10.2,D,0
24.6953,79.8994,330.4,1,1,2026-06-10,949,Aqua,MODIS,34,61.03,312.6,8.7,D,0
27.7076,78.3329,325.9,1,1,2026-06-10,950,Aqua,MODIS,50,61.03,308.2,8.2,D,0
28.1178,80.1933,325.5,1,1,2026-06-10,950,Aqua,MODIS,58,61.03,303.1,9.4,D,0
28.1249,80.2427,325.8,1,1,2026-06-10,950,Aqua,MODIS,62,61.03,302.5,10.8,D,0
28.144,80.1885,323.8,1,1,2026-06-10,950,Aqua,MODIS,50,61.03,302.8,7.4,D,0
28.1775,80.1565,326.2,1,1,2026-06-10,950,Aqua,MODIS,54,61.03,300.2,12.6,D,0
28.2431,79.9654,339.1,1,1,2026-06-10,950,Aqua,MODIS,86,61.03,306.7,24.6,D,0
28.9015,79.467,324.3,1,1,2026-06-10,950,Aqua,MODIS,67,61.03,303.2,8.1,D,0
29.3386,71.9595,369.4,2.3,1.5,2026-06-10,951,Aqua,MODIS,100,61.03,310.5,316.6,D,0
29.3428,71.9769,378,2.3,1.5,2026-06-10,951,Aqua,MODIS,100,61.03,310.8,415.5,D,0
29.3431,71.9818,366.8,2.3,1.5,2026-06-10,951,Aqua,MODIS,100,61.03,310.6,285.6,D,0
30.2688,76.224,338.9,1.2,1.1,2026-06-10,951,Aqua,MODIS,83,61.03,315.3,23.1,D,0
30.2782,76.2219,336,1.2,1.1,2026-06-10,951,Aqua,MODIS,79,61.03,316.4,18.3,D,0
30.346,76.0773,335.5,1.2,1.1,2026-06-10,951,Aqua,MODIS,78,61.03,316,17.3,D,0
30.3849,72.3,325.7,2,1.4,2026-06-10,951,Aqua,MODIS,45,61.03,306.4,23.6,D,0
30.389,72.3201,331.4,2,1.4,2026-06-10,951,Aqua,MODIS,71,61.03,307,42.9,D,0
30.4241,77.5611,321.6,1.1,1,2026-06-10,951,Aqua,MODIS,28,61.03,304.8,7.5,D,0
30.4893,76.1978,337.9,1.2,1.1,2026-06-10,951,Aqua,MODIS,82,61.03,314.6,25.6,D,0
30.5406,76.0696,330.2,1.2,1.1,2026-06-10,951,Aqua,MODIS,66,61.03,314.7,9.3,D,0
30.5427,76.0815,329.8,1.2,1.1,2026-06-10,951,Aqua,MODIS,64,61.03,314.6,9.1,D,0
30.6205,75.9322,344.1,1.2,1.1,2026-06-10,951,Aqua,MODIS,89,61.03,320.2,37.2,D,0
30.7283,77.1986,327.7,1.1,1,2026-06-10,951,Aqua,MODIS,72,61.03,305.1,17.3,D,0
30.9257,77.0989,323.8,1.1,1,2026-06-10,951,Aqua,MODIS,66,61.03,304.1,15.7,D,0
30.9757,75.2991,331.5,1.3,1.1,2026-06-10,951,Aqua,MODIS,71,61.03,317,13.2,D,0
31.2889,77.1042,333,1.1,1,2026-06-10,951,Aqua,MODIS,82,61.03,305.8,26.1,D,0
31.2906,77.1155,322.2,1.1,1,2026-06-10,951,Aqua,MODIS,66,61.03,303.3,12.9,D,0
31.3177,76.9902,322.1,1.1,1,2026-06-10,951,Aqua,MODIS,50,61.03,307.4,11.2,D,0
31.3427,75.4376,327.5,1.2,1.1,2026-06-10,951,Aqua,MODIS,68,61.03,312.4,14.2,D,0
31.3449,75.4501,324.8,1.2,1.1,2026-06-10,951,Aqua,MODIS,61,61.03,311.6,9.8,D,0
31.3751,75.0352,330.6,1.3,1.1,2026-06-10,951,Aqua,MODIS,72,61.03,314.7,13.2,D,0
31.3773,76.847,324,1.1,1,2026-06-10,951,Aqua,MODIS,62,61.03,306.6,9.5,D,0
31.5257,75.0745,326.4,1.3,1.1,2026-06-10,951,Aqua,MODIS,22,61.03,312.4,8.7,D,0
31.6092,75.0744,338.3,1.3,1.1,2026-06-10,951,Aqua,MODIS,84,61.03,312.3,34.8,D,0
31.6416,75.0201,328.1,1.3,1.1,2026-06-10,951,Aqua,MODIS,69,61.03,312.6,13.4,D,0
31.651,76.2011,326.4,1.1,1.1,2026-06-10,951,Aqua,MODIS,70,61.03,310.6,10,D,0
31.6616,78.2494,313.8,1,1,2026-06-10,951,Aqua,MODIS,50,61.03,296.5,10.1,D,0
32.0664,76.1749,324.9,1.1,1.1,2026-06-10,951,Aqua,MODIS,68,61.03,310,11.5,D,0
32.4405,75.5156,335.5,1.2,1.1,2026-06-10,951,Aqua,MODIS,74,61.03,314,24,D,0
32.4427,75.5281,345.7,1.2,1.1,2026-06-10,951,Aqua,MODIS,91,61.03,309.8,47.2,D,0
32.5993,75.9661,321.1,1.1,1.1,2026-06-10,951,Aqua,MODIS,55,61.03,305.3,9.4,D,0
32.6012,75.9771,333.3,1.1,1.1,2026-06-10,951,Aqua,MODIS,83,61.03,305.7,27.6,D,0
32.617,75.4306,327,1.2,1.1,2026-06-10,951,Aqua,MODIS,77,61.03,308.8,11.1,D,0
32.7286,76.0797,315.1,1.1,1.1,2026-06-10,951,Aqua,MODIS,44,61.03,302.4,7.2,D,0
32.9392,75.222,319.2,1.2,1.1,2026-06-10,951,Aqua,MODIS,25,61.03,306.1,6.6,D,0
32.9512,74.4601,327.5,1.3,1.1,2026-06-10,951,Aqua,MODIS,77,61.03,312.4,13,D,0
33.015,74.4701,321.8,1.3,1.1,2026-06-10,951,Aqua,MODIS,53,61.03,307.2,8.7,D,0
33.0466,74.2461,327.1,1.4,1.2,2026-06-10,951,Aqua,MODIS,62,61.03,312.6,15.6,D,0
33.0825,74.0415,323.9,1.4,1.2,2026-06-10,951,Aqua,MODIS,30,61.03,311.5,8.7,D,0
33.4191,74.2426,321.3,1.3,1.1,2026-06-10,951,Aqua,MODIS,73,61.03,308.9,9.4,D,0
33.5008,74.1752,327.9,1.3,1.1,2026-06-10,952,Aqua,MODIS,81,61.03,305.6,24.7,D,0
33.6858,72.1774,342.1,1.7,1.3,2026-06-10,952,Aqua,MODIS,90,61.03,296,78.8,D,0
34.776,72.0026,321.4,1.7,1.3,2026-06-10,952,Aqua,MODIS,41,61.03,310.1,14,D,0
19.2846,71.4277,306.1,2.6,1.6,2026-06-10,1522,Terra,MODIS,41,61.03,292.5,17.1,N,3
22.462,77.8502,311.1,1,1,2026-06-10,1523,Terra,MODIS,66,61.03,300.7,5.5,N,0
22.8395,79.4225,316.3,1,1,2026-06-10,1523,Terra,MODIS,89,61.03,301.6,9.8,N,0
23.4062,76.5304,313,1.1,1,2026-06-10,1523,Terra,MODIS,73,61.03,302.4,6.6,N,0
24.2714,80.2052,313.7,1.1,1.1,2026-06-10,1523,Terra,MODIS,83,61.03,302.1,8.1,N,0
26.1111,80.6867,312.1,1.3,1.1,2026-06-10,1524,Terra,MODIS,73,61.03,299.2,9.3,N,0
26.1126,80.699,312.2,1.3,1.1,2026-06-10,1524,Terra,MODIS,74,61.03,299.1,9.5,N,0
26.2034,79.9231,313.3,1.1,1.1,2026-06-10,1524,Terra,MODIS,78,61.03,301.4,7.2,N,0
29.0652,75.9359,315.7,1,1,2026-06-10,1525,Terra,MODIS,86,61.03,300.2,9.6,N,0
29.341,71.9759,318,1.5,1.2,2026-06-10,1525,Terra,MODIS,93,61.03,305.1,19.7,N,0
29.7765,78.3557,308.9,1.1,1,2026-06-10,1525,Terra,MODIS,68,61.03,298,5.6,N,0
30.2827,78.443,305.7,1.1,1,2026-06-10,1525,Terra,MODIS,65,61.03,290.1,7.7,N,0
30.7566,77.2473,325,1,1,2026-06-10,1525,Terra,MODIS,100,61.03,294.5,22.1,N,0
31.2014,77.1267,306,1,1,2026-06-10,1525,Terra,MODIS,66,61.03,295.4,4.7,N,0
31.4504,76.9887,309.2,1,1,2026-06-10,1525,Terra,MODIS,77,61.03,293.7,8,N,0
31.5894,76.5809,310.1,1,1,2026-06-10,1526,Terra,MODIS,79,61.03,298.2,6.4,N,0
31.8905,75.9343,311.3,1,1,2026-06-10,1526,Terra,MODIS,80,61.03,300.1,6.2,N,0
31.8919,75.9446,315.2,1,1,2026-06-10,1526,Terra,MODIS,90,61.03,300.1,9.3,N,0
32.3492,76.064,307.8,1,1,2026-06-10,1526,Terra,MODIS,73,61.03,295.7,5.4,N,0
32.6047,75.9753,325.5,1,1,2026-06-10,1526,Terra,MODIS,100,61.03,296.9,20.8,N,0
32.6451,75.5997,308.6,1,1,2026-06-10,1526,Terra,MODIS,61,61.03,297.4,4.6,N,0
32.6539,75.5979,308.3,1,1,2026-06-10,1526,Terra,MODIS,64,61.03,297.1,4.7,N,0
32.7181,75.4622,308.6,1,1,2026-06-10,1526,Terra,MODIS,63,61.03,296.6,5.5,N,0
32.8057,74.4625,327.8,1,1,2026-06-10,1526,Terra,MODIS,100,61.03,301.1,23.9,N,0
32.8146,74.4606,327.4,1,1,2026-06-10,1526,Terra,MODIS,100,61.03,300.8,23.4,N,0
33.0179,74.4613,315.8,1,1,2026-06-10,1526,Terra,MODIS,90,61.03,301.9,9.7,N,0
33.0195,74.4721,312.2,1,1,2026-06-10,1526,Terra,MODIS,67,61.03,301.3,6.5,N,0
33.0674,74.2342,312.3,1,1,2026-06-10,1526,Terra,MODIS,80,61.03,302.1,7,N,0
33.1244,75.0702,315.3,1,1,2026-06-10,1526,Terra,MODIS,91,61.03,298.5,10.1,N,0
33.1332,75.0681,322.3,1,1,2026-06-10,1526,Terra,MODIS,100,61.03,299.5,16.1,N,0
33.1347,75.0785,310.4,1,1,2026-06-10,1526,Terra,MODIS,80,61.03,299.6,5.6,N,0
33.1973,74.3,312.2,1,1,2026-06-10,1526,Terra,MODIS,83,61.03,301.4,6.9,N,0
33.2801,74.0469,314.3,1,1,2026-06-10,1526,Terra,MODIS,89,61.03,298.9,10.7,N,0
33.521,74.296,311.4,1,1,2026-06-10,1526,Terra,MODIS,82,61.03,295.7,9.4,N,0
34.3232,72.8292,306,1.1,1.1,2026-06-10,1526,Terra,MODIS,52,61.03,293.2,4.9,N,0
20.7862,85.2648,302.1,1,1,2026-06-10,2155,Aqua,MODIS,47,61.03,288.5,3.5,N,2
20.964,85.1902,314.6,1,1,2026-06-10,2155,Aqua,MODIS,89,61.03,296.6,10.8,N,2
20.9654,85.1808,311.2,1,1,2026-06-10,2155,Aqua,MODIS,81,61.03,296.5,7.6,N,2
20.9668,85.1713,317,1,1,2026-06-10,2155,Aqua,MODIS,94,61.03,296.6,12.3,N,2
20.9682,85.1618,307.4,1,1,2026-06-10,2155,Aqua,MODIS,70,61.03,295.5,4.8,N,2
20.9742,85.1822,311.4,1,1,2026-06-10,2155,Aqua,MODIS,82,61.03,295.2,7.8,N,2
20.9756,85.1727,312.8,1,1,2026-06-10,2155,Aqua,MODIS,85,61.03,295.6,8.7,N,2
20.9812,85.1348,312.2,1,1,2026-06-10,2155,Aqua,MODIS,84,61.03,294.8,8.3,N,2
21.0001,86.0131,304.6,1,1,2026-06-10,2155,Aqua,MODIS,58,61.03,289.9,4.7,N,2
21.0791,85.0393,306.3,1,1,2026-06-10,2155,Aqua,MODIS,66,61.03,289.4,5.8,N,2
21.745,83.8443,305.2,1.1,1.1,2026-06-10,2155,Aqua,MODIS,27,61.03,286.2,5.4,N,0
21.7544,83.8457,306.4,1.1,1.1,2026-06-10,2155,Aqua,MODIS,16,61.03,287.7,6.8,N,2
22.0453,83.7322,306.5,1.2,1.1,2026-06-10,2155,Aqua,MODIS,62,61.03,287.3,7.7,N,2
22.5734,85.8934,301.3,1,1,2026-06-10,2155,Aqua,MODIS,40,61.03,285.7,3.5,N,0
23.6815,86.0873,300.1,1,1,2026-06-10,2155,Aqua,MODIS,16,61.03,280.3,3.8,N,2
23.6829,86.3967,303.7,1,1,2026-06-10,2155,Aqua,MODIS,56,61.03,281.8,5.3,N,2
23.7398,86.4357,302.5,1,1,2026-06-10,2155,Aqua,MODIS,39,61.03,279.2,4.2,N,2
23.7629,86.4007,300.4,1,1,2026-06-10,2155,Aqua,MODIS,24,61.03,276.2,3.8,N,2
28.4392,68.2174,309.3,1.6,1.2,2026-06-10,2332,Aqua,MODIS,58,61.03,299.3,10.2,N,0
20.9675,86.0184,318,1.3,1.1,2026-06-11,330,Terra,MODIS,68,61.03,294.6,11.4,D,2
21.3251,83.6118,322.9,1,1,2026-06-11,330,Terra,MODIS,72,61.03,295.3,12.2,D,0
21.481,83.8064,316.4,1,1,2026-06-11,330,Terra,MODIS,49,61.03,294,5.4,D,0
21.7421,83.8428,326.5,1,1,2026-06-11,330,Terra,MODIS,77,61.03,302,13.2,D,0
21.7507,83.9788,316,1,1,2026-06-11,330,Terra,MODIS,46,61.03,294.1,5.8,D,0
21.7532,83.8413,321.9,1,1,2026-06-11,330,Terra,MODIS,64,61.03,301.3,6.6,D,2
21.7811,83.8362,323.8,1,1,2026-06-11,330,Terra,MODIS,71,61.03,301.2,10.6,D,0
21.9183,83.3497,319.8,1,1,2026-06-11,330,Terra,MODIS,67,61.03,299.7,7,D,2
21.954,81.225,324.6,1.1,1,2026-06-11,330,Terra,MODIS,68,61.03,306.2,7.3,D,0
22.0353,83.7344,320.5,1,1,2026-06-11,330,Terra,MODIS,53,61.03,300.8,7,D,2
22.0716,82.3347,322.9,1,1,2026-06-11,330,Terra,MODIS,56,61.03,295.5,13.7,D,0
22.3752,87.2808,313.2,1.5,1.2,2026-06-11,330,Terra,MODIS,48,61.03,294.4,8.7,D,2
23.682,86.0918,315.2,1.2,1.1,2026-06-11,330,Terra,MODIS,34,61.03,294.9,6.4,D,2
23.7757,86.2086,313.4,1.2,1.1,2026-06-11,330,Terra,MODIS,55,61.03,292.9,8.1,D,2
18.4769,79.3927,320.9,1.2,1.1,2026-06-11,331,Terra,MODIS,64,61.03,297.2,8.8,D,0
20.9987,82.2182,317.6,1,1,2026-06-11,331,Terra,MODIS,54,61.03,297.1,6.6,D,0
21.1601,81.7171,319,1,1,2026-06-11,331,Terra,MODIS,55,61.03,296.8,7.5,D,0
21.4132,80.5012,325.3,1.1,1.1,2026-06-11,331,Terra,MODIS,71,61.03,303.1,12.1,D,0
8.8294,77.9807,321,1.1,1.1,2026-06-11,334,Terra,MODIS,69,61.03,294.4,9.5,D,0
8.8503,78.1039,322,1.1,1.1,2026-06-11,334,Terra,MODIS,74,61.03,299.1,8.1,D,0
24.237,90.3888,312.1,1.7,1.3,2026-06-11,849,Aqua,MODIS,49,61.03,287.9,11.7,D,0
25.4331,93.2199,319.6,1.1,1.1,2026-06-11,849,Aqua,MODIS,79,61.03,290.4,14.9,D,0
35.7954,86.4416,303.1,1.8,1.3,2026-06-11,852,Aqua,MODIS,5,61.03,286.8,11.7,D,0
19.1054,78.2994,326,2,1.4,2026-06-11,1025,Aqua,MODIS,65,61.03,301.3,23.7,D,0
19.3473,71.3014,313.4,1,1,2026-06-11,1026,Aqua,MODIS,55,61.03,293.7,6.9,D,3
19.3488,71.3109,314.7,1,1,2026-06-11,1026,Aqua,MODIS,58,61.03,293.9,7.9,D,3
21.2267,72.9477,320.4,1,1,2026-06-11,1026,Aqua,MODIS,45,61.03,302.2,5.9,D,2
21.228,72.9573,323.3,1,1,2026-06-11,1026,Aqua,MODIS,61,61.03,301.8,9.3,D,2
22.9353,71.909,367,1,1,2026-06-11,1027,Aqua,MODIS,100,61.03,309.6,85.8,D,0
22.9367,71.9184,338.4,1,1,2026-06-11,1027,Aqua,MODIS,82,61.03,307.9,19.8,D,0
22.944,71.9075,348.4,1,1,2026-06-11,1027,Aqua,MODIS,92,61.03,308.8,38.5,D,0
22.9454,71.9169,334.8,1,1,2026-06-11,1027,Aqua,MODIS,76,61.03,307.1,15.3,D,0
23.0462,72.2934,332.9,1,1,2026-06-11,1027,Aqua,MODIS,73,61.03,307.2,12.8,D,0
23.0575,71.0391,326.7,1,1,2026-06-11,1027,Aqua,MODIS,57,61.03,308.4,6.7,D,0
23.078,72.4554,327.4,1,1,2026-06-11,1027,Aqua,MODIS,57,61.03,305.7,8.3,D,0
23.1722,71.6956,329.3,1,1,2026-06-11,1027,Aqua,MODIS,66,61.03,308.6,7.8,D,0
23.1735,71.705,332.3,1,1,2026-06-11,1027,Aqua,MODIS,73,61.03,308.3,12,D,0
27.881,69.3711,333,1,1,2026-06-11,1028,Aqua,MODIS,63,61.03,321.9,10.5,D,0
28.0083,68.0163,334.7,1.1,1.1,2026-06-11,1028,Aqua,MODIS,69,61.03,323.3,9.9,D,0
28.2343,68.2667,338.5,1.1,1,2026-06-11,1028,Aqua,MODIS,77,61.03,326.4,12.2,D,0
28.2456,68.0479,343.7,1.1,1,2026-06-11,1028,Aqua,MODIS,85,61.03,328.4,22.2,D,0
28.3777,69.1804,339.7,1,1,2026-06-11,1028,Aqua,MODIS,79,61.03,325.1,16.7,D,0
28.4036,68.804,337.9,1,1,2026-06-11,1028,Aqua,MODIS,76,61.03,326.3,14.3,D,0
28.4753,69.5033,348.4,1,1,2026-06-11,1028,Aqua,MODIS,90,61.03,323.4,32.3,D,0
29.7505,71.9998,325.8,1.1,1.1,2026-06-11,1028,Aqua,MODIS,54,61.03,308.1,10.3,D,0
29.9392,72.4627,325.8,1.2,1.1,2026-06-11,1028,Aqua,MODIS,57,61.03,309.1,9.9,D,0
30.1486,72.3844,332.5,1.2,1.1,2026-06-11,1028,Aqua,MODIS,75,61.03,310.4,18.1,D,0
30.2597,73.2183,327.3,1.3,1.1,2026-06-11,1028,Aqua,MODIS,64,61.03,308,14,D,0
30.4913,72.5389,331,1.2,1.1,2026-06-11,1029,Aqua,MODIS,73,61.03,309,18,D,0
30.4994,72.3244,325.4,1.2,1.1,2026-06-11,1029,Aqua,MODIS,57,61.03,307.3,9.9,D,0
30.63,72.9119,326,1.3,1.1,2026-06-11,1029,Aqua,MODIS,60,61.03,306.9,10.1,D,0
31.1979,72.0783,329.9,1.2,1.1,2026-06-11,1029,Aqua,MODIS,59,61.03,311.9,12,D,0
31.1994,72.0901,331.5,1.2,1.1,2026-06-11,1029,Aqua,MODIS,66,61.03,311.4,15.5,D,0
31.8275,74.3667,331,1.6,1.2,2026-06-11,1029,Aqua,MODIS,74,61.03,307.5,22.2,D,0
31.8309,74.3592,328.7,1.6,1.2,2026-06-11,1029,Aqua,MODIS,67,61.03,307.8,15.8,D,0
31.9467,75.1653,329.7,1.8,1.3,2026-06-11,1029,Aqua,MODIS,71,61.03,300.1,34.5,D,0
31.9485,75.1838,323.7,1.8,1.3,2026-06-11,1029,Aqua,MODIS,48,61.03,299.5,18.3,D,0
32.4603,71.299,334.4,1.1,1,2026-06-11,1029,Aqua,MODIS,69,61.03,316.8,14.2,D,0
32.5998,71.9797,348.5,1.2,1.1,2026-06-11,1029,Aqua,MODIS,91,61.03,313.7,53.3,D,0
33.0319,74.2838,328.3,1.6,1.3,2026-06-11,1029,Aqua,MODIS,56,61.03,310.1,20.4,D,0
33.0338,74.3016,333.4,1.6,1.3,2026-06-11,1029,Aqua,MODIS,74,61.03,309,35.4,D,0
33.1991,74.0266,326.6,1.6,1.2,2026-06-11,1029,Aqua,MODIS,52,61.03,308.4,15.5,D,0
33.2098,74.0245,329.4,1.6,1.2,2026-06-11,1029,Aqua,MODIS,65,61.03,308.8,22.6,D,0
33.26,74.0427,325.7,1.6,1.2,2026-06-11,1029,Aqua,MODIS,17,61.03,307.6,16.4,D,0
33.2673,74.0481,331.5,1.6,1.2,2026-06-11,1029,Aqua,MODIS,67,61.03,307.7,30.7,D,0
33.6856,72.1878,340.2,1.3,1.1,2026-06-11,1029,Aqua,MODIS,85,61.03,316.3,30.2,D,0
33.6872,72.2011,337,1.3,1.1,2026-06-11,1029,Aqua,MODIS,71,61.03,312.6,24.6,D,0
33.6953,72.186,345.3,1.3,1.1,2026-06-11,1029,Aqua,MODIS,90,61.03,312.3,45,D,0
33.6966,72.1801,329.5,1.3,1.1,2026-06-11,1029,Aqua,MODIS,29,61.03,311.8,13,D,0
33.7025,71.3772,328,1.1,1.1,2026-06-11,1029,Aqua,MODIS,69,61.03,308.6,15.6,D,0
33.7119,71.3766,323,1.1,1.1,2026-06-11,1029,Aqua,MODIS,22,61.03,309.8,8.5,D,0
34.544,73.2658,327.6,1.5,1.2,2026-06-11,1030,Aqua,MODIS,67,61.03,309.5,22.9,D,0
34.7024,72.0591,333.7,1.3,1.1,2026-06-11,1030,Aqua,MODIS,78,61.03,317.3,17.7,D,0
19.3474,73.1382,326.7,1.4,1.2,2026-06-11,1601,Terra,MODIS,100,61.03,295.3,35.1,N,0
19.3489,73.1514,348.3,1.4,1.2,2026-06-11,1601,Terra,MODIS,100,61.03,296.7,91.6,N,0
28.2502,68.898,318,1.1,1,2026-06-11,1604,Terra,MODIS,93,61.03,304.7,11.1,N,0
28.5786,68.2939,320.5,1,1,2026-06-11,1604,Terra,MODIS,100,61.03,304.7,12.7,N,0
29.9075,74.9423,308,2.6,1.6,2026-06-11,1604,Terra,MODIS,30,61.03,284.8,42.3,N,0
33.1956,74.027,306.4,2.5,1.5,2026-06-11,1605,Terra,MODIS,17,61.03,294.6,15,N,0
33.2042,74.0192,311.9,2.5,1.5,2026-06-11,1605,Terra,MODIS,80,61.03,294.5,30.1,N,0
33.2059,74.0443,306.2,2.5,1.5,2026-06-11,1605,Terra,MODIS,19,61.03,294.4,15.5,N,0
33.207,73.9991,308.2,2.5,1.5,2026-06-11,1605,Terra,MODIS,57,61.03,295.3,18.5,N,0
33.209,74.0251,308.2,2.5,1.5,2026-06-11,1605,Terra,MODIS,50,61.03,294.3,19.6,N,0
33.2157,73.9914,306.2,2.5,1.5,2026-06-11,1605,Terra,MODIS,52,61.03,295,15.6,N,0
33.2732,74.0365,303.9,2.5,1.5,2026-06-11,1605,Terra,MODIS,29,61.03,293.6,13.4,N,0
33.707,71.3796,310.6,1.7,1.3,2026-06-11,1605,Terra,MODIS,78,61.03,296.8,14,N,0
33.8455,73.2469,305.7,2.3,1.5,2026-06-11,1605,Terra,MODIS,59,61.03,295.4,14.2,N,0
34.6614,71.8634,308.1,1.9,1.3,2026-06-11,1605,Terra,MODIS,53,61.03,298,10,N,0
34.6698,71.875,309.8,1.9,1.3,2026-06-11,1605,Terra,MODIS,64,61.03,297.2,14.1,N,0
32.7816,74.4697,309.7,1.6,1.2,2026-06-11,2230,Aqua,MODIS,78,61.03,290.3,18.4,N,0
32.7834,74.4536,304.6,1.6,1.2,2026-06-11,2230,Aqua,MODIS,61,61.03,290.6,12,N,0
33.3171,74.1467,303.2,1.7,1.3,2026-06-11,2230,Aqua,MODIS,54,61.03,290.5,10.9,N,0
33.4143,74.2048,301.7,1.7,1.3,2026-06-11,2230,Aqua,MODIS,44,61.03,288.5,9.8,N,0
33.4143,74.211,301.5,1.7,1.3,2026-06-11,2230,Aqua,MODIS,42,61.03,288.4,9.8,N,0
29.3466,71.9771,325.8,2.1,1.4,2026-06-11,2231,Aqua,MODIS,100,61.03,296.2,63.1,N,0
29.3487,71.9565,314.2,2.1,1.4,2026-06-11,2231,Aqua,MODIS,89,61.03,295.3,30.7,N,0
29.9152,74.9574,333,1.3,1.1,2026-06-11,2231,Aqua,MODIS,100,61.03,293.3,48.3,N,0
29.9168,74.944,324.4,1.3,1.1,2026-06-11,2231,Aqua,MODIS,100,61.03,292.8,32.2,N,0
20.9713,85.1751,307.8,3.1,1.7,2026-06-11,2233,Aqua,MODIS,56,61.03,289.7,34.6,N,2
19.3476,73.1544,319.5,1.2,1.1,2026-06-11,2234,Aqua,MODIS,99,61.03,293.1,20.5,N,0
19.3491,73.143,308.5,1.2,1.1,2026-06-11,2234,Aqua,MODIS,53,61.03,293.3,8,N,0
19.3573,73.1558,309.9,1.2,1.1,2026-06-11,2234,Aqua,MODIS,79,61.03,293.8,9.4,N,0
19.3588,73.1445,305.9,1.2,1.1,2026-06-11,2234,Aqua,MODIS,58,61.03,293.5,5.4,N,0
20.2399,72.9686,307,1.3,1.1,2026-06-11,2234,Aqua,MODIS,70,61.03,293.5,7.4,N,0
20.2415,72.9563,304.9,1.3,1.1,2026-06-11,2234,Aqua,MODIS,62,61.03,294.1,5.4,N,0
15.1749,76.6619,305,1.1,1,2026-06-11,2235,Aqua,MODIS,31,61.03,293.6,4.2,N,2
15.3352,76.2828,301,1,1,2026-06-11,2235,Aqua,MODIS,36,61.03,290.8,3.3,N,0
29.9038,74.954,317.6,1,1,2026-06-12,407,Terra,MODIS,67,61.03,296.8,9.4,D,0
29.9053,74.944,314.4,1,1,2026-06-12,407,Terra,MODIS,56,61.03,296.5,6.8,D,0
29.9126,74.9557,329.4,1,1,2026-06-12,407,Terra,MODIS,82,61.03,297.7,21.1,D,0
29.914,74.9456,326.5,1,1,2026-06-12,407,Terra,MODIS,79,61.03,297.2,17.5,D,0
30.4646,73.327,317.1,1.1,1,2026-06-12,407,Terra,MODIS,58,61.03,298.9,6.8,D,0
30.5045,73.8692,316,1,1,2026-06-12,407,Terra,MODIS,57,61.03,298.2,6.3,D,0
30.5093,73.9022,316.2,1,1,2026-06-12,407,Terra,MODIS,57,61.03,298.9,6.2,D,0
30.5107,73.8917,316.9,1,1,2026-06-12,407,Terra,MODIS,60,61.03,299.1,6.6,D,0
30.6146,73.3757,322.8,1.1,1,2026-06-12,407,Terra,MODIS,71,61.03,299.4,12.5,D,0
30.692,73.0626,318.8,1.1,1,2026-06-12,407,Terra,MODIS,61,61.03,299,7.9,D,2
30.8248,73.0969,317.3,1.1,1,2026-06-12,407,Terra,MODIS,58,61.03,299.2,6.4,D,0
31.0788,73.7016,320.4,1.1,1,2026-06-12,407,Terra,MODIS,67,61.03,298.3,10.4,D,0
32.072,74.4778,318.1,1,1,2026-06-12,407,Terra,MODIS,41,61.03,298.8,6.4,D,0
25.8066,76.2346,322.1,1.1,1.1,2026-06-12,408,Terra,MODIS,52,61.03,300.6,7.1,D,0
29.3382,71.9741,328.7,1.2,1.1,2026-06-12,408,Terra,MODIS,70,61.03,303.5,19.2,D,0
29.6489,72.3575,322.1,1.1,1.1,2026-06-12,408,Terra,MODIS,66,61.03,302.2,11.9,D,0
29.6504,72.3459,319.2,1.1,1.1,2026-06-12,408,Terra,MODIS,56,61.03,301.6,8.3,D,0
29.7257,71.7237,317.4,1.2,1.1,2026-06-12,408,Terra,MODIS,43,61.03,295.1,10.7,D,0
18.9227,79.0527,321.9,2.2,1.4,2026-06-12,410,Terra,MODIS,50,61.03,297,27.9,D,0
18.923,79.0596,321.2,2.2,1.4,2026-06-12,410,Terra,MODIS,35,61.03,297.2,21.4,D,0
19.3467,73.1465,319.8,1,1,2026-06-12,410,Terra,MODIS,37,61.03,296.3,9.8,D,0
21.6841,73.2658,319.7,1,1,2026-06-12,410,Terra,MODIS,28,61.03,302.5,6.5,D,0
22.3678,71.5954,326.4,1.1,1,2026-06-12,410,Terra,MODIS,73,61.03,303.2,13.6,D,0
17.7694,79.632,322.3,3,1.6,2026-06-12,925,Aqua,MODIS,8,61.03,297,39.8,D,0
18.5659,83.8122,323.7,1.4,1.2,2026-06-12,925,Aqua,MODIS,48,61.03,298.5,15.9,D,0
23.6458,85.439,314,1,1,2026-06-12,926,Aqua,MODIS,32,61.03,295.7,6.4,D,0
23.6884,87.1186,320.6,1,1,2026-06-12,926,Aqua,MODIS,56,61.03,300.4,7.6,D,2
23.7605,86.4028,326.2,1,1,2026-06-12,926,Aqua,MODIS,62,61.03,301.7,10.9,D,2
23.7802,86.2083,320.3,1,1,2026-06-12,926,Aqua,MODIS,63,61.03,300.2,8.5,D,2
23.7924,86.3517,321.8,1,1,2026-06-12,926,Aqua,MODIS,38,61.03,302,7.2,D,2
25.3247,86.343,318.4,1,1,2026-06-12,927,Aqua,MODIS,0,61.03,298.2,7.8,D,0
17.6121,83.2049,309.8,1,1,2026-06-12,1502,Terra,MODIS,67,61.03,295.8,5.1,N,2
20.9608,85.1845,309.6,1.1,1,2026-06-12,1502,Terra,MODIS,46,61.03,285,8.5,N,2
20.9685,85.1732,314.4,1.1,1,2026-06-12,1502,Terra,MODIS,82,61.03,282.8,12.1,N,2
22.3566,82.3044,312.2,1,1,2026-06-12,1503,Terra,MODIS,84,61.03,293.9,7.4,N,2
22.3655,82.3029,308.6,1,1,2026-06-12,1503,Terra,MODIS,75,61.03,292.7,5,N,0
23.7655,86.398,308.1,1.3,1.1,2026-06-12,1503,Terra,MODIS,51,61.03,286.9,11.9,N,2
24.2034,82.7098,307.6,1,1,2026-06-12,1503,Terra,MODIS,59,61.03,296.4,4.7,N,0