latitude,longitude,bright_ti4,scan,track,acq_date,acq_time,satellite,instrument,confidence,version,bright_ti5,frp,daynight
23.67505,86.3981,327.42,0.57,0.52,2026-09-21,659,N20,VIIRS,n,2.0NRT,289.24,6.96,D
25.19009,96.66959,331.98,0.43,0.38,2026-09-21,659,N20,VIIRS,n,2.0NRT,296.48,2.97,D
27.37653,95.3359,340.34,0.4,0.37,2026-09-21,659,N20,VIIRS,n,2.0NRT,295.14,3.14,D
29.5523,90.99751,328.35,0.41,0.37,2026-09-21,659,N20,VIIRS,l,2.0NRT,298.94,6.04,D
29.6341,90.98811,331.64,0.41,0.37,2026-09-21,659,N20,VIIRS,n,2.0NRT,298.14,3.35,D
29.6416,90.96119,333.23,0.41,0.37,2026-09-21,659,N20,VIIRS,n,2.0NRT,301.02,2.92,D
29.6562,91.16256,329.78,0.4,0.37,2026-09-21,659,N20,VIIRS,n,2.0NRT,299.46,2.6,D
29.66133,90.99556,342.53,0.41,0.37,2026-09-21,659,N20,VIIRS,n,2.0NRT,298.49,4.97,D
29.66395,91.09312,339.57,0.4,0.37,2026-09-21,659,N20,VIIRS,n,2.0NRT,300.85,5.99,D
29.68295,91.14432,332.29,0.4,0.37,2026-09-21,659,N20,VIIRS,n,2.0NRT,301.39,1.82,D
29.68685,90.89967,327.21,0.41,0.37,2026-09-21,659,N20,VIIRS,l,2.0NRT,297.7,4.59,D
8.24919,80.6834,337.85,0.6,0.53,2026-09-21,835,N20,VIIRS,n,2.0NRT,293.02,6.83,D
8.35608,81.29126,341.94,0.33,0.55,2026-09-21,835,N20,VIIRS,n,2.0NRT,289.73,3.27,D
8.35649,81.29428,337.61,0.33,0.55,2026-09-21,835,N20,VIIRS,n,2.0NRT,289.9,6.36,D
8.36118,81.2906,331.33,0.33,0.55,2026-09-21,835,N20,VIIRS,n,2.0NRT,289.63,3.27,D
8.69219,80.45532,340.95,0.59,0.53,2026-09-21,835,N20,VIIRS,n,2.0NRT,292,8.85,D
8.69292,80.46066,339.34,0.59,0.53,2026-09-21,835,N20,VIIRS,n,2.0NRT,291.68,7.86,D
8.75376,78.03644,343.62,0.41,0.45,2026-09-21,835,N20,VIIRS,n,2.0NRT,298.83,6.37,D
8.87008,78.15746,337.82,0.42,0.45,2026-09-21,835,N20,VIIRS,n,2.0NRT,295.35,2.36,D
8.87311,78.08807,345.56,0.41,0.45,2026-09-21,835,N20,VIIRS,n,2.0NRT,299.9,5.3,D
10.81165,78.77667,331.37,0.49,0.48,2026-09-21,835,N20,VIIRS,n,2.0NRT,293,2.39,D
15.33654,76.27684,330.54,0.39,0.44,2026-09-21,835,N20,VIIRS,n,2.0NRT,284.79,2.71,D
16.12881,79.88101,332.3,0.34,0.56,2026-09-21,835,N20,VIIRS,n,2.0NRT,287.49,2.39,D
17.26535,74.54819,331.95,0.49,0.4,2026-09-21,835,N20,VIIRS,n,2.0NRT,296.64,1.66,D
14.17258,79.77721,339.26,0.63,0.54,2026-09-21,837,N20,VIIRS,n,2.0NRT,290.06,5.77,D
18.53189,74.21118,336.39,0.49,0.4,2026-09-21,837,N20,VIIRS,n,2.0NRT,296.32,4.32,D
18.5752,74.20631,333.2,0.49,0.4,2026-09-21,837,N20,VIIRS,n,2.0NRT,295.62,3.94,D
19.36872,71.35416,331.01,0.39,0.36,2026-09-21,837,N20,VIIRS,n,2.0NRT,296.44,6.95,D
21.10139,72.63651,338.31,0.44,0.38,2026-09-21,837,N20,VIIRS,n,2.0NRT,297.41,11.76,D
21.10254,72.64495,331.9,0.44,0.38,2026-09-21,837,N20,VIIRS,n,2.0NRT,296.04,5.61,D
21.10606,72.64441,331.29,0.44,0.38,2026-09-21,837,N20,VIIRS,n,2.0NRT,298.28,5.61,D
21.10663,72.64863,337.23,0.44,0.38,2026-09-21,837,N20,VIIRS,n,2.0NRT,297.72,7.84,D
22.41591,69.03825,334.83,0.39,0.36,2026-09-21,837,N20,VIIRS,n,2.0NRT,300.93,1.84,D
23.05485,75.49236,330.6,0.43,0.46,2026-09-21,837,N20,VIIRS,n,2.0NRT,299.96,3.13,D
23.31939,68.85848,332.03,0.39,0.36,2026-09-21,837,N20,VIIRS,l,2.0NRT,302.98,1.63,D
23.49692,68.57902,330.39,0.39,0.36,2026-09-21,837,N20,VIIRS,l,2.0NRT,304.77,2.09,D
25.01584,68.24071,346.93,0.39,0.36,2026-09-21,839,N20,VIIRS,n,2.0NRT,308.03,6.68,D
25.38877,68.58386,332.64,0.38,0.36,2026-09-21,839,N20,VIIRS,l,2.0NRT,306.05,3.25,D
25.53825,68.73872,342.07,0.38,0.36,2026-09-21,839,N20,VIIRS,n,2.0NRT,306.89,5.15,D
26.09283,68.87831,341.11,0.38,0.36,2026-09-21,839,N20,VIIRS,l,2.0NRT,313.46,4.33,D
26.78736,72.00406,343.41,0.47,0.4,2026-09-21,839,N20,VIIRS,n,2.0NRT,310.75,28.28,D
27.98956,78.0635,343.51,0.36,0.57,2026-09-21,839,N20,VIIRS,n,2.0NRT,292.8,2.88,D
28.05268,69.37067,340.51,0.4,0.37,2026-09-21,839,N20,VIIRS,n,2.0NRT,308.61,4.04,D
28.08778,76.76397,331.16,0.6,0.53,2026-09-21,839,N20,VIIRS,n,2.0NRT,299.65,4.5,D
29.309,70.6216,335.34,0.44,0.38,2026-09-21,839,N20,VIIRS,l,2.0NRT,307.66,3.26,D
29.85072,72.76357,335.83,0.55,0.43,2026-09-21,839,N20,VIIRS,n,2.0NRT,307.22,3.25,D
29.85735,73.49307,338.52,0.4,0.44,2026-09-21,839,N20,VIIRS,l,2.0NRT,309.99,1.54,D
30.61767,76.83537,336.04,0.32,0.55,2026-09-21,839,N20,VIIRS,n,2.0NRT,298.68,1.83,D
30.63943,73.62744,342.94,0.42,0.45,2026-09-21,839,N20,VIIRS,n,2.0NRT,304.34,6.56,D
30.68269,74.2888,334.25,0.46,0.47,2026-09-21,839,N20,VIIRS,n,2.0NRT,298.16,2.03,D
30.96133,74.4906,334.36,0.47,0.48,2026-09-21,839,N20,VIIRS,n,2.0NRT,302.93,3.81,D
30.96164,74.49416,330.2,0.47,0.48,2026-09-21,839,N20,VIIRS,l,2.0NRT,303.02,6.72,D
31.12406,74.65575,337.36,0.49,0.48,2026-09-21,839,N20,VIIRS,n,2.0NRT,297.85,6.04,D
31.61766,72.48067,331.81,0.56,0.43,2026-09-21,839,N20,VIIRS,n,2.0NRT,300.84,3.77,D
31.6198,74.80424,337.8,0.5,0.49,2026-09-21,839,N20,VIIRS,n,2.0NRT,299.07,3.68,D
31.6217,74.80744,341.5,0.5,0.49,2026-09-21,839,N20,VIIRS,n,2.0NRT,298.73,6.74,D
31.86408,74.67642,337.54,0.5,0.49,2026-09-21,839,N20,VIIRS,n,2.0NRT,298.27,4.2,D
31.87112,73.95075,335.6,0.45,0.47,2026-09-21,839,N20,VIIRS,n,2.0NRT,300.17,6.12,D
32.27012,75.37944,341.02,0.55,0.51,2026-09-21,839,N20,VIIRS,n,2.0NRT,296.6,7.02,D
33.49643,70.35924,342.77,0.47,0.4,2026-09-21,841,N20,VIIRS,n,2.0NRT,304.57,3.58,D
33.50005,70.35862,336.33,0.47,0.4,2026-09-21,841,N20,VIIRS,n,2.0NRT,303.65,5.93,D
24.22151,96.82368,327.16,0.4,0.37,2026-09-21,1923,N20,VIIRS,n,2.0NRT,293.59,3.45,N
25.54404,91.23402,310.64,0.52,0.42,2026-09-21,1923,N20,VIIRS,n,2.0NRT,287.54,1.43,N
26.76107,83.19776,304.18,0.55,0.68,2026-09-21,1923,N20,VIIRS,n,2.0NRT,286.79,1.33,N
27.31803,95.26731,310.05,0.39,0.36,2026-09-21,1923,N20,VIIRS,n,2.0NRT,292.2,2.79,N
27.32679,95.27703,311.46,0.39,0.36,2026-09-21,1923,N20,VIIRS,n,2.0NRT,291.97,3.04,N
21.18554,81.38233,303.29,0.63,0.72,2026-09-21,1925,N20,VIIRS,n,2.0NRT,285.72,2.68,N
21.19633,81.41444,333.65,0.63,0.72,2026-09-21,1925,N20,VIIRS,n,2.0NRT,285.64,4.87,N
21.20035,81.41666,318.91,0.63,0.72,2026-09-21,1925,N20,VIIRS,n,2.0NRT,285.6,2.77,N
21.20082,81.41054,307.1,0.63,0.72,2026-09-21,1925,N20,VIIRS,n,2.0NRT,285.62,2.77,N
21.76513,83.84686,297.17,0.45,0.63,2026-09-21,1925,N20,VIIRS,n,2.0NRT,267.34,0.49,N
21.92085,83.35049,305.05,0.48,0.65,2026-09-21,1925,N20,VIIRS,n,2.0NRT,276.69,2.04,N
21.92126,83.34576,302.56,0.48,0.65,2026-09-21,1925,N20,VIIRS,n,2.0NRT,275.16,1.88,N
21.92808,83.33693,297.23,0.48,0.65,2026-09-21,1925,N20,VIIRS,n,2.0NRT,269.26,0.71,N
21.95664,83.80552,303.49,0.45,0.63,2026-09-21,1925,N20,VIIRS,n,2.0NRT,285.15,1.19,N
21.98777,83.23145,298.24,0.49,0.65,2026-09-21,1925,N20,VIIRS,n,2.0NRT,273.64,0.99,N
22.00417,82.66705,306.21,0.53,0.67,2026-09-21,1925,N20,VIIRS,n,2.0NRT,281.18,1.49,N
22.01427,83.75391,302.69,0.46,0.63,2026-09-21,1925,N20,VIIRS,n,2.0NRT,285.81,0.72,N
22.03123,83.3621,305.5,0.48,0.65,2026-09-21,1925,N20,VIIRS,n,2.0NRT,282.44,2.55,N
22.03253,83.7412,302.28,0.46,0.63,2026-09-21,1925,N20,VIIRS,n,2.0NRT,285.27,1.59,N
22.03302,83.74253,304.56,0.46,0.63,2026-09-21,1925,N20,VIIRS,n,2.0NRT,285.77,1.71,N
22.03843,83.34879,308.43,0.48,0.65,2026-09-21,1925,N20,VIIRS,n,2.0NRT,280.87,2.64,N
22.03915,83.73281,305.33,0.46,0.63,2026-09-21,1925,N20,VIIRS,n,2.0NRT,285.74,0.79,N
22.03953,83.72834,303.28,0.46,0.63,2026-09-21,1925,N20,VIIRS,n,2.0NRT,285.82,0.79,N
22.03969,83.73418,304.02,0.46,0.63,2026-09-21,1925,N20,VIIRS,n,2.0NRT,285.88,1.04,N
22.04011,83.72971,306.5,0.46,0.63,2026-09-21,1925,N20,VIIRS,n,2.0NRT,285.31,1.04,N
22.06528,83.70401,306.74,0.46,0.63,2026-09-21,1925,N20,VIIRS,n,2.0NRT,285.45,0.79,N
23.48737,87.36256,313.36,0.55,0.51,2026-09-21,1925,N20,VIIRS,n,2.0NRT,288.32,4.3,N
23.48857,87.36375,305.55,0.55,0.51,2026-09-21,1925,N20,VIIRS,n,2.0NRT,288.43,2.95,N
23.60892,85.67416,303.66,0.36,0.57,2026-09-21,1925,N20,VIIRS,n,2.0NRT,286.26,0.73,N
23.63469,86.29431,302.2,0.33,0.55,2026-09-21,1925,N20,VIIRS,n,2.0NRT,279,0.63,N
23.66593,84.99664,308.09,0.4,0.6,2026-09-21,1925,N20,VIIRS,n,2.0NRT,287.4,1.37,N
23.66987,86.09123,306.82,0.34,0.56,2026-09-21,1925,N20,VIIRS,n,2.0NRT,284.06,0.79,N
23.67179,84.99335,303.06,0.4,0.6,2026-09-21,1925,N20,VIIRS,n,2.0NRT,287.3,1.08,N
23.67439,85.32388,302.05,0.38,0.58,2026-09-21,1925,N20,VIIRS,n,2.0NRT,285.65,0.73,N
23.67919,86.10237,306.71,0.34,0.56,2026-09-21,1925,N20,VIIRS,n,2.0NRT,283.85,1.76,N
23.67984,86.09573,312.27,0.34,0.56,2026-09-21,1925,N20,VIIRS,n,2.0NRT,284.05,1.27,N
23.68016,86.09242,309.08,0.34,0.56,2026-09-21,1925,N20,VIIRS,n,2.0NRT,284.09,1.27,N
23.68048,86.08911,303.7,0.34,0.56,2026-09-21,1925,N20,VIIRS,n,2.0NRT,284.36,1.22,N
23.6808,86.08578,303.65,0.34,0.56,2026-09-21,1925,N20,VIIRS,n,2.0NRT,284.5,1.22,N
23.68113,86.08246,312.48,0.34,0.56,2026-09-21,1925,N20,VIIRS,n,2.0NRT,284.62,1.89,N
23.68618,86.3941,307.12,0.32,0.55,2026-09-21,1925,N20,VIIRS,n,2.0NRT,283.75,0.96,N
23.68652,86.39082,312.64,0.32,0.55,2026-09-21,1925,N20,VIIRS,n,2.0NRT,283.85,1.47,N
23.69622,85.28735,308.64,0.38,0.59,2026-09-21,1925,N20,VIIRS,n,2.0NRT,286.75,1.12,N
23.69954,85.28898,304.4,0.38,0.59,2026-09-21,1925,N20,VIIRS,n,2.0NRT,286.76,0.94,N
23.71337,86.42272,310.17,0.32,0.55,2026-09-21,1925,N20,VIIRS,n,2.0NRT,289.2,1.77,N
23.71563,86.45193,310.37,0.32,0.55,2026-09-21,1925,N20,VIIRS,n,2.0NRT,288.98,0.94,N
23.71594,86.44875,305.93,0.32,0.55,2026-09-21,1925,N20,VIIRS,n,2.0NRT,289,0.94,N
23.71655,86.44241,307.72,0.32,0.55,2026-09-21,1925,N20,VIIRS,n,2.0NRT,289,2.15,N
23.71871,86.42021,320.8,0.32,0.55,2026-09-21,1925,N20,VIIRS,n,2.0NRT,289.21,2.43,N
23.72189,86.4399,307.11,0.32,0.55,2026-09-21,1925,N20,VIIRS,n,2.0NRT,289.03,0.98,N
23.7222,86.43671,306.37,0.32,0.55,2026-09-21,1925,N20,VIIRS,n,2.0NRT,289.17,0.98,N
23.72723,86.43736,305.92,0.32,0.55,2026-09-21,1925,N20,VIIRS,n,2.0NRT,288.85,1.71,N
23.7379,86.43235,333.95,0.32,0.55,2026-09-21,1925,N20,VIIRS,n,2.0NRT,289.38,3.48,N
23.73821,86.4292,310.29,0.32,0.55,2026-09-21,1925,N20,VIIRS,n,2.0NRT,288.75,2.17,N
23.74952,86.41791,306.01,0.32,0.55,2026-09-21,1925,N20,VIIRS,n,2.0NRT,288.87,1.18,N
23.74983,86.41476,306.37,0.32,0.55,2026-09-21,1925,N20,VIIRS,n,2.0NRT,288.58,1.18,N
23.75487,86.41542,323.06,0.32,0.55,2026-09-21,1925,N20,VIIRS,n,2.0NRT,288.8,1.18,N
23.7562,85.8521,313.66,0.35,0.57,2026-09-21,1925,N20,VIIRS,n,2.0NRT,288.08,1.46,N
23.75678,86.39617,306.41,0.32,0.55,2026-09-21,1925,N20,VIIRS,n,2.0NRT,289.39,1.32,N
23.75694,85.85099,312.16,0.35,0.57,2026-09-21,1925,N20,VIIRS,n,2.0NRT,287.34,1.46,N
23.76041,85.86296,304.36,0.35,0.57,2026-09-21,1925,N20,VIIRS,n,2.0NRT,286.46,1.3,N
23.76075,85.85957,310.48,0.35,0.57,2026-09-21,1925,N20,VIIRS,n,2.0NRT,286.77,0.87,N
23.76108,85.85617,304.71,0.35,0.57,2026-09-21,1925,N20,VIIRS,n,2.0NRT,286.92,0.87,N
23.76118,86.40331,313.49,0.32,0.55,2026-09-21,1925,N20,VIIRS,n,2.0NRT,289.26,2.74,N
23.76122,85.86187,313.02,0.35,0.57,2026-09-21,1925,N20,VIIRS,n,2.0NRT,286.9,1.46,N
23.7615,86.40008,314.51,0.32,0.55,2026-09-21,1925,N20,VIIRS,n,2.0NRT,289.59,2.37,N
23.76622,86.40395,337.5,0.32,0.55,2026-09-21,1925,N20,VIIRS,n,2.0NRT,290.46,2.74,N
23.76654,86.40072,314.57,0.32,0.55,2026-09-21,1925,N20,VIIRS,n,2.0NRT,289.4,2.37,N
23.76749,86.39116,307.29,0.32,0.55,2026-09-21,1925,N20,VIIRS,n,2.0NRT,289.92,2.27,N
23.77126,86.40455,305.15,0.32,0.55,2026-09-21,1925,N20,VIIRS,n,2.0NRT,288.94,1.31,N
23.77158,86.40134,310.08,0.32,0.55,2026-09-21,1925,N20,VIIRS,n,2.0NRT,289.25,1.44,N
23.77475,85.99794,305.08,0.34,0.56,2026-09-21,1925,N20,VIIRS,n,2.0NRT,285.43,0.53,N
23.77507,85.99459,303.35,0.34,0.56,2026-09-21,1925,N20,VIIRS,n,2.0NRT,285.77,0.53,N
23.77509,86.3663,312.23,0.32,0.55,2026-09-21,1925,N20,VIIRS,n,2.0NRT,289.22,2.34,N
23.77541,86.36308,326.63,0.32,0.55,2026-09-21,1925,N20,VIIRS,n,2.0NRT,289.25,2.98,N
23.77789,86.3894,321.49,0.32,0.55,2026-09-21,1925,N20,VIIRS,n,2.0NRT,289.77,2.29,N
23.77821,86.38622,322.75,0.32,0.55,2026-09-21,1925,N20,VIIRS,n,2.0NRT,289.5,2.29,N
23.78026,86.21015,310.71,0.33,0.55,2026-09-21,1925,N20,VIIRS,n,2.0NRT,287.44,1.46,N
23.78058,86.20688,311.99,0.33,0.55,2026-09-21,1925,N20,VIIRS,n,2.0NRT,287.09,1.08,N
23.78091,86.20359,305.06,0.33,0.55,2026-09-21,1925,N20,VIIRS,n,2.0NRT,287.2,1.08,N
23.78125,86.14713,301.72,0.33,0.56,2026-09-21,1925,N20,VIIRS,n,2.0NRT,283.6,0.35,N
23.78293,86.39007,318.06,0.32,0.55,2026-09-21,1925,N20,VIIRS,n,2.0NRT,289.57,1.06,N
23.78325,86.3869,305.28,0.32,0.55,2026-09-21,1925,N20,VIIRS,n,2.0NRT,288.94,1.06,N
23.79693,86.35282,311.24,0.32,0.55,2026-09-21,1925,N20,VIIRS,n,2.0NRT,289.16,1.37,N
23.79725,86.34958,333.26,0.32,0.55,2026-09-21,1925,N20,VIIRS,n,2.0NRT,289.65,1.37,N
23.80231,86.35027,307.72,0.32,0.55,2026-09-21,1925,N20,VIIRS,n,2.0NRT,289.17,1.37,N
23.80425,86.33111,315.86,0.33,0.55,2026-09-21,1925,N20,VIIRS,n,2.0NRT,289.64,2.15,N
23.80458,86.32787,321.69,0.33,0.55,2026-09-21,1925,N20,VIIRS,n,2.0NRT,289.38,4.02,N
23.80524,86.32131,325.54,0.33,0.55,2026-09-21,1925,N20,VIIRS,n,2.0NRT,288.76,2.77,N
23.8247,85.4623,302.78,0.37,0.58,2026-09-21,1925,N20,VIIRS,n,2.0NRT,288.04,0.51,N
23.82629,84.57082,307.89,0.42,0.61,2026-09-21,1925,N20,VIIRS,n,2.0NRT,286.88,1.8,N
23.82723,84.93855,303.67,0.4,0.6,2026-09-21,1925,N20,VIIRS,n,2.0NRT,287.46,1.08,N
23.84043,85.4679,305.31,0.37,0.58,2026-09-21,1925,N20,VIIRS,n,2.0NRT,288.68,1.17,N
23.84303,84.94594,306.59,0.4,0.6,2026-09-21,1925,N20,VIIRS,n,2.0NRT,287.36,0.9,N
24.11657,86.85859,313.92,0.61,0.53,2026-09-21,1925,N20,VIIRS,n,2.0NRT,289.38,2.62,N
24.12167,86.34879,304.97,0.33,0.55,2026-09-21,1925,N20,VIIRS,n,2.0NRT,288.24,0.74,N
28.3468,77.2799,305.5,0.41,0.45,2026-09-21,2104,N20,VIIRS,n,2.0NRT,295.3,1.06,N
28.34697,77.2583,305.14,0.41,0.45,2026-09-21,2104,N20,VIIRS,n,2.0NRT,294.78,0.62,N
28.34797,77.23263,305.08,0.41,0.45,2026-09-21,2104,N20,VIIRS,n,2.0NRT,294.65,0.71,N
28.37472,77.22655,318.41,0.41,0.45,2026-09-21,2104,N20,VIIRS,n,2.0NRT,294.4,1.57,N
28.64898,77.56065,303.9,0.42,0.45,2026-09-21,2104,N20,VIIRS,n,2.0NRT,293.18,0.41,N
28.65606,77.58929,304.25,0.42,0.45,2026-09-21,2104,N20,VIIRS,n,2.0NRT,293.6,0.45,N
28.67351,77.56715,306.04,0.42,0.45,2026-09-21,2104,N20,VIIRS,n,2.0NRT,293.57,0.83,N
28.83649,77.13825,315.63,0.4,0.44,2026-09-21,2104,N20,VIIRS,n,2.0NRT,293.9,1.35,N
28.88255,77.03365,305.65,0.39,0.44,2026-09-21,2104,N20,VIIRS,n,2.0NRT,293.8,0.7,N
30.16984,70.9278,312.65,0.39,0.36,2026-09-21,2104,N20,VIIRS,n,2.0NRT,296.02,1.54,N
31.24974,76.92843,302.18,0.53,0.42,2026-09-21,2104,N20,VIIRS,n,2.0NRT,290.02,0.61,N
31.25829,76.92533,302.13,0.53,0.42,2026-09-21,2104,N20,VIIRS,n,2.0NRT,290.49,1.2,N
31.76981,70.10918,306.62,0.41,0.37,2026-09-21,2104,N20,VIIRS,n,2.0NRT,295.86,1.3,N
32.29099,70.73847,309.76,0.4,0.37,2026-09-21,2104,N20,VIIRS,n,2.0NRT,297.63,1.99,N
32.57619,72.56449,308.47,0.38,0.36,2026-09-21,2104,N20,VIIRS,n,2.0NRT,297.72,1.42,N
32.57684,72.56044,316.02,0.38,0.36,2026-09-21,2104,N20,VIIRS,n,2.0NRT,297.8,1.42,N
32.71949,72.77539,310.58,0.38,0.36,2026-09-21,2104,N20,VIIRS,n,2.0NRT,294.84,1.02,N
32.89037,71.61703,318.49,0.39,0.36,2026-09-21,2104,N20,VIIRS,n,2.0NRT,297.59,2.35,N
33.29814,71.18507,313.97,0.39,0.37,2026-09-21,2104,N20,VIIRS,n,2.0NRT,295.39,1.67,N
33.54606,71.55159,313.19,0.39,0.36,2026-09-21,2104,N20,VIIRS,n,2.0NRT,295.95,1.03,N
33.69063,72.71301,308.67,0.38,0.36,2026-09-21,2104,N20,VIIRS,n,2.0NRT,294.93,0.98,N
35.9683,68.68382,306.61,0.5,0.41,2026-09-21,2104,N20,VIIRS,n,2.0NRT,292.41,1.52,N
20.70655,78.62124,320.73,0.35,0.57,2026-09-21,2106,N20,VIIRS,n,2.0NRT,284.87,1.62,N
21.24798,79.22184,298.87,0.38,0.58,2026-09-21,2106,N20,VIIRS,n,2.0NRT,278.8,0.47,N
21.25109,79.20773,312.8,0.37,0.58,2026-09-21,2106,N20,VIIRS,n,2.0NRT,283.13,1.27,N
21.43414,81.45409,295.71,0.52,0.67,2026-09-21,2106,N20,VIIRS,n,2.0NRT,285.51,1.68,N
21.43612,81.45298,296.76,0.52,0.66,2026-09-21,2106,N20,VIIRS,n,2.0NRT,285.67,4.06,N
21.80349,82.03969,308.65,0.55,0.68,2026-09-21,2106,N20,VIIRS,n,2.0NRT,284.23,1.7,N
22.00515,82.67095,304.18,0.6,0.7,2026-09-21,2106,N20,VIIRS,n,2.0NRT,278.92,2.23,N
22.15615,82.09446,302.99,0.55,0.68,2026-09-21,2106,N20,VIIRS,n,2.0NRT,285.24,0.66,N
22.15702,82.09418,303.05,0.55,0.68,2026-09-21,2106,N20,VIIRS,n,2.0NRT,284.68,0.71,N
22.26583,75.13088,304.65,0.4,0.44,2026-09-21,2106,N20,VIIRS,n,2.0NRT,292.79,2.74,N
22.31189,69.71835,314.59,0.38,0.36,2026-09-21,2106,N20,VIIRS,n,2.0NRT,291.74,1.78,N
22.31516,82.52596,302,0.58,0.69,2026-09-21,2106,N20,VIIRS,n,2.0NRT,282.1,1.74,N
22.33082,69.74847,304.98,0.38,0.36,2026-09-21,2106,N20,VIIRS,n,2.0NRT,290.86,1.63,N
22.41488,69.03958,315.1,0.39,0.36,2026-09-21,2106,N20,VIIRS,n,2.0NRT,293.56,1.83,N
22.41818,69.04017,325.62,0.39,0.36,2026-09-21,2106,N20,VIIRS,n,2.0NRT,293.49,2.63,N
22.42991,69.83396,306.11,0.38,0.36,2026-09-21,2106,N20,VIIRS,n,2.0NRT,289.6,1.21,N
22.65495,70.98211,308.66,0.4,0.37,2026-09-21,2106,N20,VIIRS,n,2.0NRT,293.2,1.46,N
22.93129,69.69586,308.78,0.38,0.36,2026-09-21,2106,N20,VIIRS,n,2.0NRT,296.11,0.62,N
22.93341,69.7039,310.9,0.38,0.36,2026-09-21,2106,N20,VIIRS,n,2.0NRT,296.27,1.16,N
22.93399,69.70019,313.54,0.38,0.36,2026-09-21,2106,N20,VIIRS,n,2.0NRT,296.29,1.16,N
22.93458,69.69647,335.79,0.38,0.36,2026-09-21,2106,N20,VIIRS,n,2.0NRT,296.31,3.6,N
22.97935,72.56383,306.35,0.44,0.38,2026-09-21,2106,N20,VIIRS,n,2.0NRT,293.77,0.84,N
23.0578,69.99329,306.65,0.38,0.36,2026-09-21,2106,N20,VIIRS,n,2.0NRT,294.97,0.16,N
23.16578,82.33973,312.99,0.54,0.68,2026-09-21,2106,N20,VIIRS,n,2.0NRT,275.97,3.2,N
23.16705,82.33451,304.59,0.54,0.68,2026-09-21,2106,N20,VIIRS,n,2.0NRT,276.82,2.77,N
23.26708,70.25806,309.99,0.39,0.36,2026-09-21,2106,N20,VIIRS,n,2.0NRT,296.77,0.77,N
23.30656,70.47691,308.87,0.39,0.36,2026-09-21,2106,N20,VIIRS,n,2.0NRT,297.31,0.62,N
23.31524,70.48627,311.4,0.39,0.36,2026-09-21,2106,N20,VIIRS,n,2.0NRT,297.14,0.97,N
23.40797,72.41836,306.31,0.43,0.38,2026-09-21,2106,N20,VIIRS,n,2.0NRT,293.89,0.4,N
24.05352,80.61334,302.98,0.4,0.6,2026-09-21,2106,N20,VIIRS,n,2.0NRT,287.06,0.68,N
24.16731,80.69353,301.4,0.4,0.6,2026-09-21,2106,N20,VIIRS,n,2.0NRT,286.78,0.43,N
24.1955,82.71491,296.58,0.54,0.68,2026-09-21,2106,N20,VIIRS,n,2.0NRT,277.51,1.52,N
24.19624,82.71214,296.82,0.54,0.68,2026-09-21,2106,N20,VIIRS,n,2.0NRT,276.8,0.68,N
24.20258,82.71246,295.76,0.54,0.68,2026-09-21,2106,N20,VIIRS,n,2.0NRT,276.84,1.16,N
24.68986,73.00354,312.84,0.44,0.38,2026-09-21,2106,N20,VIIRS,n,2.0NRT,296.47,1.81,N
24.81981,73.09165,309.3,0.44,0.38,2026-09-21,2106,N20,VIIRS,n,2.0NRT,297,1.17,N
24.82328,73.09241,308.59,0.44,0.38,2026-09-21,2106,N20,VIIRS,n,2.0NRT,297.89,1.19,N
24.93276,74.63294,309.21,0.51,0.41,2026-09-21,2106,N20,VIIRS,n,2.0NRT,295.73,1.52,N
25.389,68.58334,324.86,0.4,0.37,2026-09-21,2106,N20,VIIRS,n,2.0NRT,297.89,2.29,N
26.09525,68.87827,315.56,0.4,0.37,2026-09-21,2106,N20,VIIRS,n,2.0NRT,299.72,1.13,N
26.25848,74.09664,310.76,0.46,0.39,2026-09-21,2106,N20,VIIRS,n,2.0NRT,297.91,1.37,N
26.70294,77.84972,307.33,0.48,0.48,2026-09-21,2106,N20,VIIRS,n,2.0NRT,293.23,1.09,N
26.87334,73.51772,309.03,0.43,0.38,2026-09-21,2106,N20,VIIRS,n,2.0NRT,296.88,1.53,N
26.87756,73.51419,311.53,0.43,0.38,2026-09-21,2106,N20,VIIRS,n,2.0NRT,296.74,2.54,N
26.92882,73.4678,308.43,0.43,0.38,2026-09-21,2106,N20,VIIRS,n,2.0NRT,296.88,1.95,N
27.082,73.81743,309.84,0.44,0.38,2026-09-21,2106,N20,VIIRS,n,2.0NRT,299.18,1.59,N
28.05446,69.36945,310.29,0.4,0.37,2026-09-21,2106,N20,VIIRS,n,2.0NRT,299.27,0.67,N
28.42489,69.70122,312.06,0.4,0.37,2026-09-21,2106,N20,VIIRS,n,2.0NRT,298.96,1.17,N
15.66,73.98991,311.53,0.44,0.46,2026-09-21,2108,N20,VIIRS,n,2.0NRT,287.33,1.52,N
18.58697,71.03342,311.46,0.42,0.38,2026-09-21,2108,N20,VIIRS,n,2.0NRT,286.98,1.88,N
18.68243,73.04094,300.89,0.52,0.42,2026-09-21,2108,N20,VIIRS,n,2.0NRT,282.47,1.68,N
18.68331,73.03606,309.33,0.52,0.42,2026-09-21,2108,N20,VIIRS,n,2.0NRT,283.5,1.43,N
18.68419,73.03121,302.18,0.52,0.42,2026-09-21,2108,N20,VIIRS,n,2.0NRT,282.63,1.43,N
18.68796,73.03196,302.9,0.52,0.42,2026-09-21,2108,N20,VIIRS,n,2.0NRT,283.35,1.7,N
19.37243,71.3558,328.36,0.43,0.38,2026-09-21,2108,N20,VIIRS,n,2.0NRT,293.55,2.63,N
19.37312,71.35178,313.35,0.43,0.38,2026-09-21,2108,N20,VIIRS,n,2.0NRT,292.89,2.63,N
19.41666,71.38923,309.7,0.43,0.38,2026-09-21,2108,N20,VIIRS,n,2.0NRT,292.47,0.6,N
19.53002,71.30115,311.16,0.42,0.38,2026-09-21,2108,N20,VIIRS,n,2.0NRT,292.72,0.95,N
19.57177,71.36225,321.74,0.43,0.38,2026-09-21,2108,N20,VIIRS,n,2.0NRT,292.57,1.99,N
19.78572,79.14767,302.44,0.4,0.6,2026-09-21,2108,N20,VIIRS,n,2.0NRT,282.16,0.61,N
19.9305,79.12119,295.19,0.39,0.6,2026-09-21,2108,N20,VIIRS,n,2.0NRT,271.14,0.63,N
19.93583,73.71186,310.14,0.54,0.42,2026-09-21,2108,N20,VIIRS,n,2.0NRT,287.98,2.14,N
20.35523,72.95116,313.28,0.49,0.4,2026-09-21,2108,N20,VIIRS,n,2.0NRT,289.89,1.39,N
20.86711,70.5666,307.48,0.4,0.37,2026-09-21,2108,N20,VIIRS,n,2.0NRT,292.31,1.05,N
20.91079,71.45905,308.19,0.42,0.38,2026-09-21,2108,N20,VIIRS,n,2.0NRT,291.06,1.41,N
21.10137,72.63644,331.93,0.46,0.39,2026-09-21,2108,N20,VIIRS,n,2.0NRT,292.65,2.42,N
21.10336,72.64594,319.02,0.46,0.39,2026-09-21,2108,N20,VIIRS,n,2.0NRT,291.77,2.8,N
21.10494,72.63717,306.68,0.46,0.39,2026-09-21,2108,N20,VIIRS,n,2.0NRT,292,2.42,N
21.10694,72.64667,343.91,0.46,0.39,2026-09-21,2108,N20,VIIRS,n,2.0NRT,293.7,9.7,N
21.10851,72.63789,309.48,0.46,0.39,2026-09-21,2108,N20,VIIRS,n,2.0NRT,292.63,1.27,N
21.1093,72.63351,319.2,0.46,0.39,2026-09-21,2108,N20,VIIRS,n,2.0NRT,292.04,2.11,N
21.11209,72.63861,311.76,0.46,0.39,2026-09-21,2108,N20,VIIRS,n,2.0NRT,292.31,1.27,N
19.55657,96.23544,332.35,0.5,0.41,2026-09-22,637,N20,VIIRS,n,2.0NRT,292.7,2.4,D
27.26674,96.29662,334.47,0.41,0.37,2026-09-22,640,N20,VIIRS,n,2.0NRT,295.17,2.69,D
27.3772,95.33336,332.58,0.44,0.38,2026-09-22,640,N20,VIIRS,n,2.0NRT,296.22,5.71,D
27.67933,96.23577,343.82,0.41,0.37,2026-09-22,640,N20,VIIRS,n,2.0NRT,298.44,9.52,D
27.77324,96.29646,334.46,0.41,0.37,2026-09-22,640,N20,VIIRS,n,2.0NRT,297.46,4.42,D
29.55735,90.99113,331.59,0.45,0.47,2026-09-22,640,N20,VIIRS,n,2.0NRT,291.94,4.74,D
31.8891,93.78384,334.8,0.45,0.39,2026-09-22,640,N20,VIIRS,n,2.0NRT,294.25,2.43,D
36.83396,93.25242,342.48,0.41,0.37,2026-09-22,642,N20,VIIRS,n,2.0NRT,304.06,2.75,D
36.83653,93.24696,351.71,0.41,0.37,2026-09-22,642,N20,VIIRS,n,2.0NRT,304.07,6.83,D
36.83731,93.2515,356.26,0.41,0.37,2026-09-22,642,N20,VIIRS,l,2.0NRT,304.61,6.83,D
36.8381,93.25603,335.8,0.41,0.37,2026-09-22,642,N20,VIIRS,n,2.0NRT,303.33,2.82,D
36.83909,93.24151,340.9,0.41,0.37,2026-09-22,642,N20,VIIRS,n,2.0NRT,305.43,3.66,D
36.83988,93.24604,356,0.41,0.37,2026-09-22,642,N20,VIIRS,l,2.0NRT,304.11,6.83,D
36.84067,93.25058,355.97,0.41,0.37,2026-09-22,642,N20,VIIRS,l,2.0NRT,303.46,6.83,D
36.84145,93.25511,341.21,0.41,0.37,2026-09-22,642,N20,VIIRS,n,2.0NRT,302.86,2.82,D
36.84245,93.24059,337.87,0.41,0.37,2026-09-22,642,N20,VIIRS,n,2.0NRT,305.48,4.29,D
36.84324,93.24513,356.39,0.41,0.37,2026-09-22,642,N20,VIIRS,l,2.0NRT,304.01,7.78,D
36.84402,93.24966,356.38,0.41,0.37,2026-09-22,642,N20,VIIRS,l,2.0NRT,303.28,7.78,D
36.84481,93.25419,347.77,0.41,0.37,2026-09-22,642,N20,VIIRS,n,2.0NRT,301.41,3.45,D
36.84659,93.24421,356.41,0.41,0.37,2026-09-22,642,N20,VIIRS,l,2.0NRT,304.47,7.78,D
36.84738,93.24875,356.42,0.41,0.37,2026-09-22,642,N20,VIIRS,l,2.0NRT,303.89,7.78,D
36.84816,93.25327,340.15,0.41,0.37,2026-09-22,642,N20,VIIRS,n,2.0NRT,302.62,3.45,D
8.01206,81.0444,332.07,0.47,0.4,2026-09-22,816,N20,VIIRS,n,2.0NRT,297.71,2.96,D
8.07114,80.98785,334.41,0.47,0.4,2026-09-22,816,N20,VIIRS,n,2.0NRT,296.57,4.1,D
8.08818,80.16068,334.78,0.43,0.38,2026-09-22,816,N20,VIIRS,n,2.0NRT,289.15,4.65,D
8.12701,80.98851,335.97,0.47,0.4,2026-09-22,816,N20,VIIRS,n,2.0NRT,297.09,3.64,D
8.14032,80.97784,337.82,0.47,0.4,2026-09-22,816,N20,VIIRS,n,2.0NRT,292.35,3.05,D
8.14095,80.98211,332.42,0.47,0.4,2026-09-22,816,N20,VIIRS,n,2.0NRT,293.16,3.05,D
8.14105,80.97892,348.86,0.47,0.4,2026-09-22,816,N20,VIIRS,n,2.0NRT,292.18,6.46,D
8.18734,80.58764,337.94,0.45,0.39,2026-09-22,816,N20,VIIRS,n,2.0NRT,295.42,12.49,D
8.19695,80.61177,330.38,0.45,0.39,2026-09-22,816,N20,VIIRS,n,2.0NRT,295.28,2.38,D
8.21547,81.05599,345.69,0.48,0.4,2026-09-22,816,N20,VIIRS,n,2.0NRT,298.9,11.48,D
8.21913,81.05546,346.44,0.48,0.4,2026-09-22,816,N20,VIIRS,n,2.0NRT,297.97,11.48,D
8.27258,81.3715,334,0.5,0.41,2026-09-22,816,N20,VIIRS,n,2.0NRT,297.8,3.07,D
8.28911,80.74229,335.35,0.46,0.39,2026-09-22,816,N20,VIIRS,n,2.0NRT,297.84,1.94,D
8.40038,78.04769,338.12,0.39,0.36,2026-09-22,816,N20,VIIRS,n,2.0NRT,300.27,3.46,D
8.4928,80.18259,335.11,0.44,0.38,2026-09-22,816,N20,VIIRS,n,2.0NRT,298.29,3.47,D
8.49613,80.42788,346.07,0.45,0.39,2026-09-22,816,N20,VIIRS,n,2.0NRT,299.08,6.38,D
8.49923,80.42744,340.57,0.45,0.39,2026-09-22,816,N20,VIIRS,n,2.0NRT,295.86,4.78,D
8.53756,80.61877,330.47,0.46,0.39,2026-09-22,816,N20,VIIRS,n,2.0NRT,295.69,1.83,D
8.54115,80.61824,336.89,0.46,0.39,2026-09-22,816,N20,VIIRS,n,2.0NRT,293.46,2.01,D
8.60718,80.37472,338.94,0.45,0.39,2026-09-22,816,N20,VIIRS,n,2.0NRT,299.07,7.26,D
8.64669,80.54845,334.84,0.46,0.39,2026-09-22,816,N20,VIIRS,n,2.0NRT,294.04,2.37,D
8.66189,78.04949,348.41,0.39,0.36,2026-09-22,816,N20,VIIRS,n,2.0NRT,300.71,4.96,D
8.67112,80.39031,343.28,0.45,0.39,2026-09-22,816,N20,VIIRS,n,2.0NRT,298.45,3.45,D
8.8344,78.08942,341.74,0.39,0.36,2026-09-22,816,N20,VIIRS,n,2.0NRT,305.79,7.17,D
8.88304,80.81657,335.12,0.47,0.4,2026-09-22,816,N20,VIIRS,n,2.0NRT,298.43,5.66,D
8.88365,80.82088,335.36,0.47,0.4,2026-09-22,816,N20,VIIRS,n,2.0NRT,297.22,5.66,D
8.91272,77.51103,335.5,0.38,0.36,2026-09-22,816,N20,VIIRS,n,2.0NRT,300.37,1.83,D
8.9238,77.49513,340.64,0.38,0.36,2026-09-22,816,N20,VIIRS,n,2.0NRT,301,2.81,D
8.95601,80.83242,340.09,0.47,0.4,2026-09-22,816,N20,VIIRS,n,2.0NRT,298.77,3.57,D
9.0019,77.67091,336.8,0.38,0.36,2026-09-22,816,N20,VIIRS,n,2.0NRT,304.05,2.41,D
9.00996,80.73845,347.08,0.47,0.4,2026-09-22,816,N20,VIIRS,n,2.0NRT,301.56,12.79,D
9.33826,80.20972,334.96,0.45,0.39,2026-09-22,816,N20,VIIRS,n,2.0NRT,295.22,3.72,D
9.34402,80.59687,337.74,0.47,0.39,2026-09-22,816,N20,VIIRS,n,2.0NRT,297.49,3.6,D
9.38145,80.60014,336.84,0.47,0.39,2026-09-22,816,N20,VIIRS,n,2.0NRT,296.88,4.42,D
9.38276,80.60106,337.52,0.47,0.4,2026-09-22,816,N20,VIIRS,n,2.0NRT,296.83,3.75,D
9.64433,77.74282,340.2,0.39,0.36,2026-09-22,816,N20,VIIRS,n,2.0NRT,302.66,1.71,D
9.64763,77.74231,336.31,0.39,0.36,2026-09-22,816,N20,VIIRS,n,2.0NRT,299.81,1.71,D
9.86792,77.45,336.33,0.38,0.36,2026-09-22,816,N20,VIIRS,n,2.0NRT,298.06,3.74,D
10.12011,78.72713,331.96,0.4,0.37,2026-09-22,816,N20,VIIRS,n,2.0NRT,293.63,2.46,D
10.84744,77.61841,334.59,0.39,0.36,2026-09-22,816,N20,VIIRS,n,2.0NRT,297.67,3.13,D
11.0276,77.41729,345.32,0.39,0.36,2026-09-22,816,N20,VIIRS,n,2.0NRT,295.19,5.29,D
11.30747,77.65325,334.43,0.39,0.36,2026-09-22,816,N20,VIIRS,n,2.0NRT,285.58,2.54,D
13.81559,76.18983,331.81,0.38,0.36,2026-09-22,816,N20,VIIRS,l,2.0NRT,303.28,1.64,D
14.1772,75.44983,332.04,0.39,0.36,2026-09-22,816,N20,VIIRS,n,2.0NRT,300.47,3.72,D
15.31029,75.17403,333.15,0.39,0.36,2026-09-22,818,N20,VIIRS,l,2.0NRT,304.49,1.69,D
15.34006,75.16909,331.12,0.39,0.36,2026-09-22,818,N20,VIIRS,l,2.0NRT,302.67,1.92,D
15.37849,75.08906,334.27,0.39,0.36,2026-09-22,818,N20,VIIRS,l,2.0NRT,304.54,3.84,D
17.33474,75.4758,330.57,0.38,0.36,2026-09-22,818,N20,VIIRS,n,2.0NRT,296.92,1.49,D
17.47583,78.89429,327.93,0.47,0.4,2026-09-22,818,N20,VIIRS,n,2.0NRT,279.97,3.44,D
19.91965,75.23198,334.05,0.38,0.36,2026-09-22,818,N20,VIIRS,n,2.0NRT,296.74,2.04,D
22.11861,75.29721,334.03,0.39,0.36,2026-09-22,820,N20,VIIRS,n,2.0NRT,299.23,3.58,D
22.3562,82.30109,335.24,0.57,0.52,2026-09-22,820,N20,VIIRS,n,2.0NRT,285.64,12.31,D
22.52869,75.43645,330.78,0.39,0.36,2026-09-22,820,N20,VIIRS,l,2.0NRT,302,2.29,D
22.53531,75.45873,330.55,0.39,0.37,2026-09-22,820,N20,VIIRS,l,2.0NRT,303.27,3.76,D
22.57981,75.41228,335.77,0.39,0.36,2026-09-22,820,N20,VIIRS,n,2.0NRT,304.26,2.61,D
22.67151,75.58092,333.57,0.4,0.37,2026-09-22,820,N20,VIIRS,l,2.0NRT,304.04,2.13,D
22.73458,75.26518,336.91,0.39,0.36,2026-09-22,820,N20,VIIRS,n,2.0NRT,304.3,5.2,D
22.84245,75.37941,330.15,0.39,0.37,2026-09-22,820,N20,VIIRS,n,2.0NRT,299.58,2.23,D
22.86431,76.12888,335.44,0.41,0.37,2026-09-22,820,N20,VIIRS,n,2.0NRT,301.94,2.99,D
22.86549,76.1124,331.11,0.41,0.37,2026-09-22,820,N20,VIIRS,l,2.0NRT,303.82,2.46,D
22.91127,75.5249,331.18,0.4,0.37,2026-09-22,820,N20,VIIRS,l,2.0NRT,305.03,3.86,D
22.92947,75.7,333.24,0.4,0.37,2026-09-22,820,N20,VIIRS,l,2.0NRT,304.51,1.61,D
22.94288,75.72162,339.25,0.4,0.37,2026-09-22,820,N20,VIIRS,n,2.0NRT,306.6,3.47,D
22.95232,75.78792,335.98,0.4,0.37,2026-09-22,820,N20,VIIRS,n,2.0NRT,305.34,3.2,D
23.03276,75.68729,335.43,0.4,0.37,2026-09-22,820,N20,VIIRS,l,2.0NRT,307.29,1.92,D
23.03613,75.68673,333.01,0.4,0.37,2026-09-22,820,N20,VIIRS,l,2.0NRT,305.57,1.92,D
23.06311,75.46835,330.78,0.4,0.37,2026-09-22,820,N20,VIIRS,l,2.0NRT,305.74,1.73,D
23.06366,75.44855,331.54,0.4,0.37,2026-09-22,820,N20,VIIRS,l,2.0NRT,302.92,2.26,D
23.09834,75.7123,334.19,0.4,0.37,2026-09-22,820,N20,VIIRS,n,2.0NRT,305.25,1.87,D
23.16337,70.15914,331.5,0.49,0.4,2026-09-22,820,N20,VIIRS,l,2.0NRT,305.51,2.07,D
23.35689,75.066,345.01,0.39,0.36,2026-09-22,820,N20,VIIRS,n,2.0NRT,302.87,3.49,D
24.45549,68.17258,341.82,0.39,0.44,2026-09-22,820,N20,VIIRS,n,2.0NRT,307.61,2.71,D
24.45947,68.17168,333.98,0.39,0.44,2026-09-22,820,N20,VIIRS,l,2.0NRT,305.74,2.71,D
25.84099,81.26147,336.27,0.54,0.51,2026-09-22,820,N20,VIIRS,n,2.0NRT,293.04,4.71,D
26.22751,74.20727,333.55,0.39,0.36,2026-09-22,820,N20,VIIRS,l,2.0NRT,305.16,2.25,D
26.53267,77.72529,333.73,0.52,0.41,2026-09-22,820,N20,VIIRS,n,2.0NRT,298.89,2.51,D
26.89246,68.18941,335.03,0.54,0.42,2026-09-22,820,N20,VIIRS,l,2.0NRT,309.31,18.85,D
26.99854,73.95732,339.15,0.39,0.36,2026-09-22,820,N20,VIIRS,l,2.0NRT,313.1,3.82,D
27.31255,86.02746,336.62,0.56,0.69,2026-09-22,820,N20,VIIRS,n,2.0NRT,289.19,4.74,D
27.33625,68.48566,345.69,0.51,0.41,2026-09-22,820,N20,VIIRS,n,2.0NRT,307.72,13.44,D
27.81773,77.43873,330.94,0.52,0.41,2026-09-22,820,N20,VIIRS,n,2.0NRT,298.1,2.07,D
27.89713,76.81608,333.64,0.48,0.4,2026-09-22,820,N20,VIIRS,l,2.0NRT,307.57,2.86,D
27.89835,76.81835,333.98,0.48,0.4,2026-09-22,820,N20,VIIRS,l,2.0NRT,307.76,2.89,D
28.25886,76.19051,335.21,0.46,0.39,2026-09-22,820,N20,VIIRS,l,2.0NRT,308.25,1.15,D
28.56984,70.77991,345.25,0.41,0.37,2026-09-22,822,N20,VIIRS,n,2.0NRT,316.24,9.25,D
29.57487,70.58084,337.75,0.4,0.37,2026-09-22,822,N20,VIIRS,n,2.0NRT,311.04,2.64,D
29.57555,70.58495,335.94,0.4,0.37,2026-09-22,822,N20,VIIRS,l,2.0NRT,307.88,2.64,D
30.07889,73.31923,332.99,0.39,0.36,2026-09-22,822,N20,VIIRS,l,2.0NRT,306.2,3.37,D
30.13372,71.54742,335.8,0.39,0.36,2026-09-22,822,N20,VIIRS,n,2.0NRT,302.61,1.67,D
30.30167,70.99959,331.86,0.39,0.36,2026-09-22,822,N20,VIIRS,l,2.0NRT,303.58,3.51,D
30.46647,73.48899,335.22,0.39,0.37,2026-09-22,822,N20,VIIRS,n,2.0NRT,305.45,1.78,D
30.6993,73.64854,335.54,0.4,0.37,2026-09-22,822,N20,VIIRS,n,2.0NRT,303.6,2.84,D
30.86113,72.00074,338.32,0.38,0.36,2026-09-22,822,N20,VIIRS,n,2.0NRT,305.91,4.28,D
30.99054,74.18418,339.45,0.41,0.37,2026-09-22,822,N20,VIIRS,n,2.0NRT,302.6,4.44,D
31.07007,74.54601,335.48,0.42,0.38,2026-09-22,822,N20,VIIRS,n,2.0NRT,300.46,2.63,D
31.1071,74.66666,330.19,0.43,0.38,2026-09-22,822,N20,VIIRS,l,2.0NRT,302.03,3.24,D
31.16594,76.26553,341.24,0.5,0.41,2026-09-22,822,N20,VIIRS,n,2.0NRT,304.75,5.78,D
31.39722,73.33421,335.76,0.4,0.37,2026-09-22,822,N20,VIIRS,n,2.0NRT,302.68,2.97,D
31.49145,74.55597,333.06,0.43,0.38,2026-09-22,822,N20,VIIRS,n,2.0NRT,300.74,2.71,D
31.49193,74.53301,338.18,0.43,0.38,2026-09-22,822,N20,VIIRS,n,2.0NRT,300.57,2.88,D
31.52064,74.91309,330.99,0.44,0.38,2026-09-22,822,N20,VIIRS,n,2.0NRT,298.17,2.24,D
31.54176,74.82206,330.5,0.44,0.38,2026-09-22,822,N20,VIIRS,l,2.0NRT,301.23,2.75,D
31.56821,72.54503,333.15,0.39,0.36,2026-09-22,822,N20,VIIRS,n,2.0NRT,303.03,1.35,D
31.64179,75.04122,346.35,0.45,0.39,2026-09-22,822,N20,VIIRS,n,2.0NRT,300.99,4.67,D
31.79148,73.67905,344.37,0.41,0.37,2026-09-22,822,N20,VIIRS,n,2.0NRT,301.72,5.54,D
33.44534,71.54885,334.16,0.38,0.36,2026-09-22,822,N20,VIIRS,l,2.0NRT,307.32,2.86,D
27.37811,95.33421,328.99,0.4,0.44,2026-09-22,1904,N20,VIIRS,n,2.0NRT,283.28,3.45,N
33.29666,71.18291,315.11,0.4,0.44,2026-09-22,2044,N20,VIIRS,n,2.0NRT,295.26,2.05,N
33.8013,72.09534,306.46,0.55,0.42,2026-09-22,2044,N20,VIIRS,n,2.0NRT,295.82,1.09,N
35.62532,73.54482,295.72,0.49,0.4,2026-09-22,2044,N20,VIIRS,n,2.0NRT,285.66,0.89,N
36.99958,80.19128,307.67,0.4,0.37,2026-09-22,2044,N20,VIIRS,n,2.0NRT,288.53,1.31,N
22.80246,86.08895,308.09,0.47,0.64,2026-09-22,2046,N20,VIIRS,n,2.0NRT,276.12,1.96,N
22.80283,86.09015,304.68,0.47,0.64,2026-09-22,2046,N20,VIIRS,n,2.0NRT,275.74,2.95,N
23.66706,86.93494,306.1,0.51,0.66,2026-09-22,2046,N20,VIIRS,n,2.0NRT,274.04,1.43,N
23.66947,86.93382,305.5,0.51,0.66,2026-09-22,2046,N20,VIIRS,n,2.0NRT,273.98,1.58,N
24.19917,82.71528,305.45,0.54,0.51,2026-09-22,2046,N20,VIIRS,n,2.0NRT,276.81,1.24,N
24.76304,74.60619,315.77,0.38,0.36,2026-09-22,2046,N20,VIIRS,n,2.0NRT,295.31,1.22,N
24.93251,74.63224,306.99,0.39,0.36,2026-09-22,2046,N20,VIIRS,n,2.0NRT,296.08,0.89,N
24.9358,74.63286,307.96,0.39,0.36,2026-09-22,2046,N20,VIIRS,n,2.0NRT,296.52,0.89,N
25.9437,72.19227,309.83,0.45,0.39,2026-09-22,2046,N20,VIIRS,n,2.0NRT,299.75,1.54,N
26.09483,68.87826,309.25,0.44,0.46,2026-09-22,2046,N20,VIIRS,n,2.0NRT,299.21,0.78,N
26.25769,74.09503,315.48,0.39,0.37,2026-09-22,2046,N20,VIIRS,n,2.0NRT,298.35,1.94,N
26.87829,73.51489,314.04,0.41,0.37,2026-09-22,2046,N20,VIIRS,n,2.0NRT,297.31,2.14,N
26.9268,73.46874,308.97,0.41,0.37,2026-09-22,2046,N20,VIIRS,n,2.0NRT,296.74,1.64,N
27.28969,73.83908,313.89,0.4,0.37,2026-09-22,2046,N20,VIIRS,n,2.0NRT,298.58,1.37,N
27.66992,76.12906,315.22,0.38,0.36,2026-09-22,2046,N20,VIIRS,n,2.0NRT,299.31,2.41,N
28.05128,69.36669,309,0.44,0.46,2026-09-22,2046,N20,VIIRS,n,2.0NRT,297.81,1.39,N
28.05552,69.3673,326.67,0.44,0.46,2026-09-22,2046,N20,VIIRS,n,2.0NRT,298.84,1.39,N
28.34651,77.25862,308.99,0.39,0.37,2026-09-22,2046,N20,VIIRS,n,2.0NRT,296.89,0.76,N
28.34788,77.23004,308.54,0.39,0.37,2026-09-22,2046,N20,VIIRS,n,2.0NRT,296.05,0.89,N
28.65042,77.56196,308.4,0.4,0.37,2026-09-22,2046,N20,VIIRS,n,2.0NRT,296.52,0.72,N
28.65632,77.58835,306.26,0.4,0.37,2026-09-22,2046,N20,VIIRS,n,2.0NRT,296.09,0.64,N
28.70981,76.85802,310.94,0.39,0.36,2026-09-22,2046,N20,VIIRS,n,2.0NRT,296.44,1.24,N
28.74297,76.92613,306.72,0.39,0.36,2026-09-22,2046,N20,VIIRS,n,2.0NRT,295.94,0.98,N
28.77274,77.56689,320.87,0.4,0.37,2026-09-22,2046,N20,VIIRS,n,2.0NRT,296.36,1.88,N
28.7731,76.70076,315.99,0.39,0.36,2026-09-22,2046,N20,VIIRS,n,2.0NRT,296.64,1.19,N
28.8086,76.8382,307.61,0.39,0.36,2026-09-22,2046,N20,VIIRS,n,2.0NRT,296.15,1.01,N
28.85291,77.14941,307.86,0.39,0.36,2026-09-22,2046,N20,VIIRS,n,2.0NRT,296.35,0.61,N
30.44702,70.56586,314.14,0.4,0.44,2026-09-22,2046,N20,VIIRS,n,2.0NRT,298.88,1.29,N
31.25109,76.93018,302.94,0.38,0.36,2026-09-22,2046,N20,VIIRS,n,2.0NRT,290.28,0.56,N
31.61009,74.40337,307.65,0.42,0.38,2026-09-22,2046,N20,VIIRS,n,2.0NRT,297.13,0.81,N
31.76838,70.10883,308.5,0.44,0.46,2026-09-22,2046,N20,VIIRS,n,2.0NRT,296.38,1.65,N
32.57611,72.56178,312.78,0.5,0.41,2026-09-22,2046,N20,VIIRS,n,2.0NRT,298.55,3.15,N
32.57652,72.56321,318.6,0.5,0.41,2026-09-22,2046,N20,VIIRS,n,2.0NRT,299.94,3.31,N
32.71958,72.77607,307.09,0.49,0.4,2026-09-22,2046,N20,VIIRS,n,2.0NRT,295.01,1.26,N
18.80337,74.26009,323.71,0.39,0.36,2026-09-22,2049,N20,VIIRS,n,2.0NRT,285.15,1.6,N
19.17875,70.94513,311.61,0.43,0.38,2026-09-22,2049,N20,VIIRS,n,2.0NRT,290.49,0.78,N
19.27821,71.42624,309.04,0.42,0.38,2026-09-22,2049,N20,VIIRS,n,2.0NRT,287.09,0.86,N
19.28164,71.42679,306.46,0.42,0.38,2026-09-22,2049,N20,VIIRS,n,2.0NRT,287.98,0.86,N
19.28392,71.43526,308.68,0.42,0.37,2026-09-22,2049,N20,VIIRS,n,2.0NRT,288.13,1.4,N
19.36884,71.35447,330.7,0.42,0.38,2026-09-22,2049,N20,VIIRS,n,2.0NRT,287.33,3.9,N
19.36942,71.35048,306.2,0.42,0.38,2026-09-22,2049,N20,VIIRS,n,2.0NRT,287.05,2.27,N
19.37229,71.35503,330.1,0.42,0.38,2026-09-22,2049,N20,VIIRS,n,2.0NRT,287.64,3.9,N
19.37286,71.35104,310.94,0.42,0.38,2026-09-22,2049,N20,VIIRS,n,2.0NRT,286.98,2.27,N
20.91017,71.45959,306.11,0.43,0.38,2026-09-22,2049,N20,VIIRS,n,2.0NRT,287.78,0.69,N
21.10265,72.63455,339.05,0.4,0.37,2026-09-22,2049,N20,VIIRS,n,2.0NRT,294.29,4.16,N
21.10431,72.64656,329.03,0.4,0.37,2026-09-22,2049,N20,VIIRS,n,2.0NRT,292.39,3.56,N
21.10487,72.64275,315.58,0.4,0.37,2026-09-22,2049,N20,VIIRS,n,2.0NRT,291.2,4.39,N
21.10766,72.64713,323.22,0.4,0.37,2026-09-22,2049,N20,VIIRS,n,2.0NRT,292.2,3.56,N
21.11271,72.63627,313.53,0.4,0.37,2026-09-22,2049,N20,VIIRS,n,2.0NRT,293.12,1.28,N
21.26382,72.94082,309.93,0.39,0.36,2026-09-22,2049,N20,VIIRS,n,2.0NRT,293.55,0.86,N
21.27218,72.86941,307.44,0.39,0.37,2026-09-22,2049,N20,VIIRS,n,2.0NRT,292.41,0.5,N
21.43204,72.97727,305.11,0.39,0.36,2026-09-22,2049,N20,VIIRS,n,2.0NRT,291.29,0.84,N
22.33889,69.85475,309.11,0.53,0.42,2026-09-22,2049,N20,VIIRS,n,2.0NRT,297.57,2.17,N
22.41789,69.03757,319.53,0.39,0.44,2026-09-22,2049,N20,VIIRS,n,2.0NRT,296.08,1.85,N
22.93286,69.69775,314.02,0.54,0.42,2026-09-22,2049,N20,VIIRS,n,2.0NRT,296.08,1.61,N
23.28314,72.4164,310.22,0.42,0.37,2026-09-22,2049,N20,VIIRS,n,2.0NRT,294.77,0.81,N
24.69213,73.00185,306.82,0.41,0.37,2026-09-22,2049,N20,VIIRS,n,2.0NRT,294.02,1.45,N
24.71566,74.67107,304.34,0.38,0.36,2026-09-22,2049,N20,VIIRS,n,2.0NRT,293.48,0.67,N
24.82199,73.09334,309.38,0.41,0.37,2026-09-22,2049,N20,VIIRS,n,2.0NRT,290.54,1.28,N
25.25163,68.67273,327.89,0.44,0.46,2026-09-22,2049,N20,VIIRS,n,2.0NRT,297.96,2.29,N
25.39107,68.58149,313.88,0.45,0.47,2026-09-22,2049,N20,VIIRS,n,2.0NRT,298.21,1.44,N
12.74605,77.61694,295.77,0.42,0.45,2026-09-22,2051,N20,VIIRS,n,2.0NRT,278.5,0.59,N
15.65777,73.98866,314.08,0.4,0.37,2026-09-22,2051,N20,VIIRS,n,2.0NRT,282.08,1.22,N
18.34024,96.42962,347.14,0.34,0.56,2026-09-23,618,N20,VIIRS,n,2.0NRT,293,4.11,D
22.38885,96.69776,328.33,0.54,0.51,2026-09-23,620,N20,VIIRS,n,2.0NRT,287.23,3.77,D
8.02859,80.73888,339.51,0.41,0.37,2026-09-23,756,N20,VIIRS,l,2.0NRT,297.37,8.15,D
8.03754,80.68491,335.83,0.41,0.37,2026-09-23,756,N20,VIIRS,n,2.0NRT,295.3,3.66,D
8.08097,81.38442,337.37,0.39,0.36,2026-09-23,756,N20,VIIRS,n,2.0NRT,301.54,3.55,D
8.09586,81.10558,338.37,0.4,0.37,2026-09-23,756,N20,VIIRS,l,2.0NRT,291.87,5.85,D
8.16125,80.70641,332.39,0.41,0.37,2026-09-23,756,N20,VIIRS,n,2.0NRT,289.82,4.37,D
8.20074,80.97845,336.35,0.4,0.37,2026-09-23,756,N20,VIIRS,l,2.0NRT,297.12,7.15,D
8.30657,81.2832,330.18,0.39,0.36,2026-09-23,756,N20,VIIRS,n,2.0NRT,296.03,1.45,D
8.42539,80.5175,345.91,0.41,0.37,2026-09-23,756,N20,VIIRS,n,2.0NRT,294.65,16.16,D
8.44289,80.49579,336.92,0.41,0.37,2026-09-23,756,N20,VIIRS,n,2.0NRT,295.33,7.18,D
8.66979,80.53457,337.61,0.41,0.37,2026-09-23,756,N20,VIIRS,n,2.0NRT,293.19,8.13,D
8.6713,80.49287,334.03,0.41,0.37,2026-09-23,756,N20,VIIRS,n,2.0NRT,292.46,4.55,D
8.91747,78.07575,332.13,0.52,0.42,2026-09-23,756,N20,VIIRS,l,2.0NRT,291.21,6.24,D
19.3676,71.35547,352.61,0.61,0.54,2026-09-23,758,N20,VIIRS,n,2.0NRT,289.56,20.82,D
19.36982,71.35302,340.8,0.61,0.54,2026-09-23,758,N20,VIIRS,n,2.0NRT,290.03,24.03,D
21.10316,72.63433,339.89,0.47,0.48,2026-09-23,758,N20,VIIRS,n,2.0NRT,297.53,8.46,D
21.10402,72.63878,341.32,0.47,0.48,2026-09-23,758,N20,VIIRS,n,2.0NRT,296.57,11.77,D
21.10574,72.64767,344.02,0.47,0.48,2026-09-23,758,N20,VIIRS,n,2.0NRT,298.18,6.6,D
21.74591,83.84197,337.45,0.54,0.42,2026-09-23,758,N20,VIIRS,n,2.0NRT,290.95,7.04,D
21.7543,83.84614,329.5,0.54,0.42,2026-09-23,758,N20,VIIRS,n,2.0NRT,289.79,3.22,D
21.76,84.02171,338.19,0.55,0.43,2026-09-23,758,N20,VIIRS,n,2.0NRT,292.74,11.6,D
21.76391,84.02116,329.27,0.55,0.43,2026-09-23,758,N20,VIIRS,n,2.0NRT,292.89,7.47,D
22.0394,83.72916,331.83,0.53,0.42,2026-09-23,758,N20,VIIRS,n,2.0NRT,289.34,7.14,D
22.04193,83.73155,332.56,0.53,0.42,2026-09-23,758,N20,VIIRS,n,2.0NRT,287.68,7.42,D
22.5447,75.89993,333.42,0.45,0.39,2026-09-23,758,N20,VIIRS,n,2.0NRT,302.96,2.94,D
22.63768,75.44591,330.41,0.47,0.4,2026-09-23,758,N20,VIIRS,l,2.0NRT,304,2.92,D
22.6736,75.88835,332.58,0.45,0.39,2026-09-23,758,N20,VIIRS,n,2.0NRT,303.36,2.16,D
22.73318,75.29805,332.79,0.47,0.4,2026-09-23,758,N20,VIIRS,n,2.0NRT,302.95,1.78,D
22.86753,75.37542,334.73,0.47,0.4,2026-09-23,758,N20,VIIRS,l,2.0NRT,306.62,2.75,D
22.87031,75.41198,336.57,0.47,0.39,2026-09-23,758,N20,VIIRS,n,2.0NRT,305.75,2.34,D
22.8869,75.75343,330.97,0.45,0.39,2026-09-23,758,N20,VIIRS,l,2.0NRT,305.44,1.89,D
22.90878,75.58794,332.69,0.46,0.39,2026-09-23,758,N20,VIIRS,l,2.0NRT,303.47,3.5,D
22.9093,75.82033,331.01,0.45,0.39,2026-09-23,758,N20,VIIRS,l,2.0NRT,304.86,1.79,D
22.9378,75.75357,333.67,0.45,0.39,2026-09-23,758,N20,VIIRS,l,2.0NRT,306,1.78,D
22.96249,75.97882,332.73,0.44,0.38,2026-09-23,758,N20,VIIRS,n,2.0NRT,303.76,1.64,D
22.96824,75.76083,334.39,0.45,0.39,2026-09-23,758,N20,VIIRS,l,2.0NRT,305.68,2.22,D
23.04512,75.70152,331.33,0.45,0.39,2026-09-23,758,N20,VIIRS,l,2.0NRT,304.98,2.9,D
23.28215,76.15114,334.62,0.43,0.38,2026-09-23,758,N20,VIIRS,n,2.0NRT,304.87,1.53,D
19.96283,79.33596,332.47,0.38,0.36,2026-09-23,801,N20,VIIRS,n,2.0NRT,284.71,2.12,D
24.00794,71.30653,340.89,0.5,0.49,2026-09-23,801,N20,VIIRS,n,2.0NRT,304.18,2.27,D
24.86093,69.18201,338.88,0.33,0.55,2026-09-23,801,N20,VIIRS,n,2.0NRT,306.55,2.13,D
25.3868,68.58262,334.48,0.35,0.56,2026-09-23,801,N20,VIIRS,n,2.0NRT,307.95,2.11,D
26.21019,68.19216,343.6,0.35,0.57,2026-09-23,801,N20,VIIRS,n,2.0NRT,305.11,2,D
26.53399,77.68007,335.77,0.38,0.36,2026-09-23,801,N20,VIIRS,n,2.0NRT,301.7,2.72,D
26.63295,72.26003,345.97,0.39,0.44,2026-09-23,801,N20,VIIRS,l,2.0NRT,315.99,7.41,D
26.6337,72.26392,345.23,0.39,0.44,2026-09-23,801,N20,VIIRS,n,2.0NRT,315,7.22,D
26.63767,72.26295,345.85,0.39,0.44,2026-09-23,801,N20,VIIRS,n,2.0NRT,315.78,9.69,D
27.51308,78.42581,330.4,0.39,0.36,2026-09-23,801,N20,VIIRS,n,2.0NRT,301.49,2.87,D
27.95617,77.70888,331.32,0.38,0.36,2026-09-23,801,N20,VIIRS,l,2.0NRT,304.06,1.94,D
28.0389,75.06685,343.65,0.42,0.38,2026-09-23,801,N20,VIIRS,n,2.0NRT,313.23,8.84,D
28.04981,69.36913,337.52,0.54,0.51,2026-09-23,801,N20,VIIRS,n,2.0NRT,310.45,6.97,D
28.13097,77.62788,334.92,0.38,0.36,2026-09-23,801,N20,VIIRS,n,2.0NRT,303.73,4.83,D
28.39633,78.19869,332.71,0.39,0.36,2026-09-23,801,N20,VIIRS,n,2.0NRT,302.58,2.17,D
28.63872,78.51069,335.13,0.39,0.36,2026-09-23,801,N20,VIIRS,n,2.0NRT,302.64,2.28,D
28.80413,76.91926,334.76,0.39,0.36,2026-09-23,801,N20,VIIRS,l,2.0NRT,305.59,3.16,D
29.25523,70.64738,335.81,0.43,0.46,2026-09-23,801,N20,VIIRS,l,2.0NRT,308.79,3.07,D
29.77915,74.83432,339.14,0.41,0.37,2026-09-23,801,N20,VIIRS,n,2.0NRT,305.63,2.45,D
29.78326,74.83778,332.84,0.41,0.37,2026-09-23,801,N20,VIIRS,l,2.0NRT,305.36,1.87,D
29.78398,74.842,334.03,0.41,0.37,2026-09-23,801,N20,VIIRS,l,2.0NRT,304.18,1.87,D
29.78665,74.83701,339.06,0.41,0.37,2026-09-23,801,N20,VIIRS,n,2.0NRT,305.27,1.87,D
29.95245,72.93081,330.26,0.48,0.4,2026-09-23,801,N20,VIIRS,n,2.0NRT,302.7,3.12,D
30.04757,74.77618,336.95,0.41,0.37,2026-09-23,801,N20,VIIRS,l,2.0NRT,307.17,4.55,D
30.12758,74.46244,350.12,0.42,0.38,2026-09-23,801,N20,VIIRS,n,2.0NRT,305.79,11.09,D
30.13025,74.45735,335.52,0.42,0.38,2026-09-23,801,N20,VIIRS,n,2.0NRT,305.29,5.16,D
30.131,74.46166,355.45,0.42,0.38,2026-09-23,801,N20,VIIRS,l,2.0NRT,308.18,11.09,D
30.13441,74.46088,331.81,0.42,0.38,2026-09-23,801,N20,VIIRS,l,2.0NRT,305.79,2.36,D
30.24977,74.25041,347.11,0.43,0.38,2026-09-23,801,N20,VIIRS,n,2.0NRT,305.4,3.67,D
30.2532,74.24962,340.57,0.43,0.38,2026-09-23,801,N20,VIIRS,n,2.0NRT,305.01,3.67,D
30.25396,74.25399,338.16,0.43,0.38,2026-09-23,801,N20,VIIRS,n,2.0NRT,305.08,4.92,D
30.75048,72.16579,333.84,0.51,0.41,2026-09-23,801,N20,VIIRS,l,2.0NRT,305.45,4.76,D
31.00732,74.44788,332.53,0.41,0.37,2026-09-23,801,N20,VIIRS,n,2.0NRT,301.35,2.62,D
31.01527,74.43269,334.28,0.41,0.37,2026-09-23,801,N20,VIIRS,n,2.0NRT,302,3.06,D
31.08209,74.51493,337.04,0.41,0.37,2026-09-23,801,N20,VIIRS,n,2.0NRT,301.9,3.42,D
31.10875,74.6103,340.85,0.41,0.37,2026-09-23,801,N20,VIIRS,n,2.0NRT,300.64,7.9,D
31.26831,74.20084,332.16,0.42,0.38,2026-09-23,801,N20,VIIRS,l,2.0NRT,302.62,1.37,D
31.3016,74.35462,337.3,0.41,0.37,2026-09-23,801,N20,VIIRS,n,2.0NRT,301.82,2.09,D
31.36038,75.98373,330.14,0.39,0.36,2026-09-23,801,N20,VIIRS,l,2.0NRT,301.06,2.02,D
31.45688,74.87747,332.45,0.4,0.37,2026-09-23,801,N20,VIIRS,n,2.0NRT,299.69,3.83,D
31.53393,74.56011,331.3,0.41,0.37,2026-09-23,803,N20,VIIRS,n,2.0NRT,299.61,1.82,D
31.65495,72.36611,335.72,0.48,0.4,2026-09-23,803,N20,VIIRS,n,2.0NRT,303.26,3.89,D
31.66758,74.14309,337.68,0.42,0.37,2026-09-23,803,N20,VIIRS,n,2.0NRT,302.77,2.73,D
31.68656,74.08888,334.8,0.42,0.38,2026-09-23,803,N20,VIIRS,n,2.0NRT,300.64,1.94,D
31.68705,74.02979,336.03,0.42,0.38,2026-09-23,803,N20,VIIRS,n,2.0NRT,301.25,2.12,D
31.68953,75.25529,345.18,0.39,0.36,2026-09-23,803,N20,VIIRS,n,2.0NRT,300.61,5.6,D
31.72313,72.24599,338.88,0.49,0.4,2026-09-23,803,N20,VIIRS,n,2.0NRT,303.11,5.02,D
31.7521,74.68208,332.46,0.4,0.37,2026-09-23,803,N20,VIIRS,n,2.0NRT,299.76,1.82,D
31.8049,75.02044,336.74,0.4,0.37,2026-09-23,803,N20,VIIRS,n,2.0NRT,301.02,3.42,D
31.8252,72.30614,330.81,0.48,0.4,2026-09-23,803,N20,VIIRS,n,2.0NRT,302.13,1.67,D
31.8723,74.68575,332.25,0.4,0.37,2026-09-23,803,N20,VIIRS,n,2.0NRT,300.18,2.98,D
31.89238,73.83407,339.76,0.42,0.38,2026-09-23,803,N20,VIIRS,n,2.0NRT,304.06,3.69,D
31.89315,73.83847,335.74,0.42,0.38,2026-09-23,803,N20,VIIRS,n,2.0NRT,301.37,3.69,D
33.10006,73.7309,339.93,0.42,0.37,2026-09-23,803,N20,VIIRS,n,2.0NRT,300.89,3.37,D
33.10345,73.73013,347.45,0.42,0.37,2026-09-23,803,N20,VIIRS,n,2.0NRT,299.93,3.37,D
33.21554,73.28292,336.77,0.43,0.38,2026-09-23,803,N20,VIIRS,n,2.0NRT,300.81,4.84,D
25.11549,93.83469,307.6,0.45,0.63,2026-09-23,1845,N20,VIIRS,n,2.0NRT,286.29,1.28,N
37,80.19268,297.44,0.43,0.38,2026-09-23,2023,N20,VIIRS,n,2.0NRT,287.32,1.05,N
30.44787,70.56549,311.97,0.38,0.59,2026-09-23,2025,N20,VIIRS,n,2.0NRT,295.23,1.08,N
30.44952,70.56387,306.51,0.38,0.59,2026-09-23,2025,N20,VIIRS,n,2.0NRT,294.61,0.91,N
31.25913,76.92434,301.03,0.51,0.41,2026-09-23,2025,N20,VIIRS,n,2.0NRT,290.38,1.22,N
31.48888,75.05453,320.27,0.42,0.46,2026-09-23,2025,N20,VIIRS,n,2.0NRT,294.66,1.95,N
31.76849,70.10452,308.19,0.42,0.61,2026-09-23,2025,N20,VIIRS,n,2.0NRT,291.76,1.05,N
32.29217,70.73595,306.49,0.39,0.59,2026-09-23,2025,N20,VIIRS,n,2.0NRT,295.29,1.62,N
32.57549,72.55806,308.85,0.61,0.53,2026-09-23,2025,N20,VIIRS,n,2.0NRT,296.04,2.96,N
32.71773,72.77212,303.11,0.59,0.53,2026-09-23,2025,N20,VIIRS,n,2.0NRT,292.96,0.96,N
32.88843,71.6162,307.05,0.35,0.57,2026-09-23,2025,N20,VIIRS,n,2.0NRT,295.93,1.27,N
33.29984,71.18365,311.41,0.37,0.58,2026-09-23,2025,N20,VIIRS,n,2.0NRT,293.75,1.09,N
22.31483,69.8546,304.84,0.34,0.56,2026-09-23,2027,N20,VIIRS,n,2.0NRT,294.71,0.33,N
22.36667,73.11252,312.7,0.43,0.46,2026-09-23,2027,N20,VIIRS,n,2.0NRT,297.21,2.22,N
22.41792,69.03748,314.52,0.39,0.59,2026-09-23,2027,N20,VIIRS,n,2.0NRT,295.42,1.64,N
22.41901,69.03748,314.07,0.39,0.59,2026-09-23,2027,N20,VIIRS,n,2.0NRT,296.21,1.58,N
22.93655,69.69582,307.62,0.36,0.57,2026-09-23,2027,N20,VIIRS,n,2.0NRT,296.8,0.87,N
23.25722,70.26096,310.39,0.33,0.55,2026-09-23,2027,N20,VIIRS,n,2.0NRT,296.5,0.53,N
23.30098,70.47238,308.39,0.32,0.55,2026-09-23,2027,N20,VIIRS,n,2.0NRT,296.44,0.48,N
24.66307,74.63187,308.28,0.56,0.43,2026-09-23,2027,N20,VIIRS,n,2.0NRT,297.4,1.85,N
24.76546,74.60892,308.73,0.56,0.43,2026-09-23,2027,N20,VIIRS,n,2.0NRT,296.15,2.38,N
25.38676,68.57848,314.66,0.45,0.63,2026-09-23,2027,N20,VIIRS,n,2.0NRT,296.9,1.33,N
26.09538,68.87702,316.29,0.44,0.62,2026-09-23,2027,N20,VIIRS,n,2.0NRT,297.49,1.71,N
26.60048,72.62276,314.13,0.52,0.5,2026-09-23,2027,N20,VIIRS,n,2.0NRT,297.12,1.5,N
26.60619,73.68221,308.11,0.45,0.47,2026-09-23,2027,N20,VIIRS,n,2.0NRT,297.92,1.58,N
26.64157,79.47591,312.06,0.39,0.36,2026-09-23,2027,N20,VIIRS,n,2.0NRT,291.69,0.98,N
28.0289,76.49574,313.7,0.49,0.4,2026-09-23,2027,N20,VIIRS,n,2.0NRT,296.13,1.84,N
28.03079,76.49374,318.41,0.49,0.4,2026-09-23,2027,N20,VIIRS,n,2.0NRT,296.42,1.62,N
28.05566,69.36625,328.69,0.43,0.62,2026-09-23,2027,N20,VIIRS,n,2.0NRT,297.2,1.62,N
28.27911,77.27263,308.81,0.46,0.39,2026-09-23,2027,N20,VIIRS,n,2.0NRT,296.48,1.56,N
28.34724,77.25582,307.81,0.46,0.39,2026-09-23,2027,N20,VIIRS,n,2.0NRT,296.98,1.43,N
28.37028,77.26236,310.49,0.46,0.39,2026-09-23,2027,N20,VIIRS,n,2.0NRT,297.14,1.66,N
28.42432,69.69694,311.38,0.41,0.61,2026-09-23,2027,N20,VIIRS,n,2.0NRT,297.11,1.9,N
28.65901,77.58726,308.6,0.45,0.39,2026-09-23,2027,N20,VIIRS,n,2.0NRT,295.29,0.7,N
28.71257,76.83175,308.29,0.48,0.4,2026-09-23,2027,N20,VIIRS,n,2.0NRT,296.79,1.66,N
28.7444,76.92877,309.74,0.48,0.4,2026-09-23,2027,N20,VIIRS,n,2.0NRT,296.43,1.32,N
28.89342,78.85453,308.62,0.41,0.37,2026-09-23,2027,N20,VIIRS,n,2.0NRT,294.94,1.03,N
18.69296,73.03981,298.27,0.39,0.44,2026-09-23,2029,N20,VIIRS,n,2.0NRT,271.78,0.81,N
18.86057,72.92706,310.13,0.4,0.44,2026-09-23,2029,N20,VIIRS,n,2.0NRT,285.32,2.01,N
19.37122,71.35505,319.08,0.5,0.49,2026-09-23,2029,N20,VIIRS,n,2.0NRT,291.34,4.52,N
19.37179,71.35024,336.15,0.5,0.49,2026-09-23,2029,N20,VIIRS,n,2.0NRT,291.01,4.52,N
21.1009,72.63284,317.01,0.44,0.46,2026-09-23,2029,N20,VIIRS,n,2.0NRT,295.54,1.09,N
21.10364,72.64616,312.07,0.44,0.46,2026-09-23,2029,N20,VIIRS,n,2.0NRT,295.86,7.65,N
21.10415,72.64194,311.95,0.44,0.46,2026-09-23,2029,N20,VIIRS,n,2.0NRT,295.69,7.86,N
21.10516,72.63345,339.39,0.44,0.46,2026-09-23,2029,N20,VIIRS,n,2.0NRT,296.5,2.72,N
21.10789,72.64676,329.9,0.44,0.46,2026-09-23,2029,N20,VIIRS,n,2.0NRT,299,7.65,N
21.1084,72.64253,339.67,0.44,0.46,2026-09-23,2029,N20,VIIRS,n,2.0NRT,296.11,7.86,N
21.10941,72.63404,312.34,0.44,0.46,2026-09-23,2029,N20,VIIRS,n,2.0NRT,296.16,2.72,N
21.11367,72.63464,313.76,0.44,0.46,2026-09-23,2029,N20,VIIRS,n,2.0NRT,296.75,1.25,N
9.27542,77.92335,309.83,0.41,0.37,2026-09-23,2032,N20,VIIRS,n,2.0NRT,291.78,1.01,N
10.25534,77.17133,304.24,0.39,0.36,2026-09-23,2032,N20,VIIRS,n,2.0NRT,287.25,0.43,N
10.6167,77.42141,303.17,0.39,0.36,2026-09-23,2032,N20,VIIRS,n,2.0NRT,285.49,0.43,N
11.81518,77.91682,316.54,0.4,0.37,2026-09-23,2032,N20,VIIRS,n,2.0NRT,284.17,1.17,N
11.81853,77.91739,309.7,0.4,0.37,2026-09-23,2032,N20,VIIRS,n,2.0NRT,283.46,1.17,N
31.76886,70.10196,302.17,0.55,0.68,2026-09-23,2205,N20,VIIRS,n,2.0NRT,289.81,0.46,N
32.8891,71.61418,305.59,0.62,0.72,2026-09-23,2205,N20,VIIRS,n,2.0NRT,293.88,1.62,N
33.2975,71.18378,312.08,0.57,0.69,2026-09-23,2205,N20,VIIRS,n,2.0NRT,293.18,1.14,N
25.16084,68.46808,305.64,0.64,0.72,2026-09-23,2208,N20,VIIRS,n,2.0NRT,295.63,0.99,N
25.3856,68.58214,308.55,0.64,0.72,2026-09-23,2208,N20,VIIRS,n,2.0NRT,295.86,1.24,N
25.39106,68.58279,310.64,0.64,0.72,2026-09-23,2208,N20,VIIRS,n,2.0NRT,295.74,1.23,N
28.05291,69.37061,308.11,0.62,0.71,2026-09-23,2208,N20,VIIRS,n,2.0NRT,295.92,1.57,N
28.05436,69.36691,321.2,0.62,0.71,2026-09-23,2208,N20,VIIRS,n,2.0NRT,296.25,2.38,N
28.0545,69.36459,307.56,0.62,0.71,2026-09-23,2208,N20,VIIRS,n,2.0NRT,295.91,1.8,N
19.36909,71.35644,339.97,0.62,0.72,2026-09-24,739,N20,VIIRS,n,2.0NRT,291.9,7.22,D
23.10466,69.92244,334.75,0.63,0.72,2026-09-24,741,N20,VIIRS,n,2.0NRT,299.96,4.76,D
23.11121,75.7177,337.06,0.55,0.51,2026-09-24,741,N20,VIIRS,n,2.0NRT,302.47,3.16,D
23.58516,72.11846,332.35,0.45,0.63,2026-09-24,741,N20,VIIRS,n,2.0NRT,298.06,2.66,D
25.84487,76.41708,331.06,0.44,0.46,2026-09-24,741,N20,VIIRS,l,2.0NRT,304.81,2.11,D
27.61162,69.46782,349.06,0.53,0.67,2026-09-24,744,N20,VIIRS,n,2.0NRT,311.66,24.32,D
27.61258,69.46897,349.81,0.53,0.67,2026-09-24,744,N20,VIIRS,n,2.0NRT,313.52,24.72,D
27.61293,69.473,367,0.53,0.67,2026-09-24,744,N20,VIIRS,h,2.0NRT,309.35,24.32,D
27.61392,69.47416,341.99,0.53,0.67,2026-09-24,744,N20,VIIRS,n,2.0NRT,309.25,24.72,D
29.09044,75.95024,341.24,0.41,0.45,2026-09-24,744,N20,VIIRS,n,2.0NRT,301.63,4.5,D
29.65374,72.13364,333.91,0.33,0.55,2026-09-24,744,N20,VIIRS,n,2.0NRT,300.33,1.4,D
29.98539,70.75997,339.66,0.39,0.59,2026-09-24,744,N20,VIIRS,n,2.0NRT,299.84,2.69,D
30.27989,76.27377,332.82,0.56,0.43,2026-09-24,744,N20,VIIRS,n,2.0NRT,298.72,5.97,D
30.37814,75.27622,330.01,0.42,0.45,2026-09-24,744,N20,VIIRS,n,2.0NRT,298.97,2.54,D
30.5755,73.79058,334.23,0.5,0.49,2026-09-24,744,N20,VIIRS,n,2.0NRT,301.28,3.96,D
31.04923,74.23954,334.76,0.46,0.47,2026-09-24,744,N20,VIIRS,n,2.0NRT,298.6,2.54,D
31.09416,74.65594,330.7,0.44,0.46,2026-09-24,744,N20,VIIRS,n,2.0NRT,297.91,2.82,D
31.11028,77.44234,340.21,0.48,0.4,2026-09-24,744,N20,VIIRS,n,2.0NRT,302.14,6.06,D
31.36733,74.5506,331.83,0.44,0.46,2026-09-24,744,N20,VIIRS,n,2.0NRT,298.47,2.73,D
31.39401,72.15036,334.11,0.6,0.53,2026-09-24,744,N20,VIIRS,n,2.0NRT,297.69,5.15,D
31.90359,74.66436,330.68,0.42,0.45,2026-09-24,744,N20,VIIRS,n,2.0NRT,294.48,2.42,D
31.90613,74.66639,333.73,0.42,0.45,2026-09-24,744,N20,VIIRS,n,2.0NRT,295.92,2.5,D
32.16898,75.31062,367,0.39,0.44,2026-09-24,744,N20,VIIRS,h,2.0NRT,300.46,10.83,D
33.79351,74.92664,327.1,0.57,0.43,2026-09-24,744,N20,VIIRS,l,2.0NRT,300,4.77,D
19.36828,71.35669,345.27,0.55,0.68,2026-09-24,922,N20,VIIRS,n,2.0NRT,292.47,7.73,D
23.09989,69.92151,333.55,0.49,0.65,2026-09-24,922,N20,VIIRS,n,2.0NRT,301.17,2.14,D
23.15752,70.11012,353.69,0.5,0.66,2026-09-24,922,N20,VIIRS,n,2.0NRT,301.03,8.02,D
24.17634,68.01884,332,0.38,0.59,2026-09-24,922,N20,VIIRS,l,2.0NRT,306.09,1.77,D
24.82227,68.07066,351.32,0.39,0.59,2026-09-24,924,N20,VIIRS,n,2.0NRT,305.02,5.68,D
25.94217,72.20272,330.22,0.73,0.76,2026-09-24,924,N20,VIIRS,l,2.0NRT,302.52,3.65,D
27.61595,68.40544,334.89,0.44,0.62,2026-09-24,924,N20,VIIRS,n,2.0NRT,304,6.82,D
27.62099,68.40887,335.66,0.44,0.62,2026-09-24,924,N20,VIIRS,n,2.0NRT,303.46,6.89,D
27.62203,68.40942,341.69,0.44,0.62,2026-09-24,924,N20,VIIRS,n,2.0NRT,303.57,7.6,D
27.6264,68.40393,331.81,0.44,0.62,2026-09-24,924,N20,VIIRS,l,2.0NRT,304.01,6.6,D
27.62674,68.40839,353.62,0.44,0.62,2026-09-24,924,N20,VIIRS,n,2.0NRT,303.33,8.23,D
27.62747,68.40445,342.32,0.44,0.62,2026-09-24,924,N20,VIIRS,n,2.0NRT,304.23,6.4,D
27.62778,68.40892,330.29,0.44,0.62,2026-09-24,924,N20,VIIRS,l,2.0NRT,302.89,4.86,D
28.05044,69.37144,337.88,0.51,0.66,2026-09-24,924,N20,VIIRS,n,2.0NRT,304.58,3.48,D
29.93578,69.95001,340.9,0.57,0.69,2026-09-24,924,N20,VIIRS,n,2.0NRT,300.12,4.85,D
29.93737,69.9495,340.45,0.57,0.69,2026-09-24,924,N20,VIIRS,n,2.0NRT,300.26,4.16,D
22.35802,96.70052,297.33,0.56,0.69,2026-09-24,1828,N20,VIIRS,n,2.0NRT,279.71,0.81,N
36.9525,80.30505,296.55,0.46,0.47,2026-09-24,2006,N20,VIIRS,n,2.0NRT,284.78,0.67,N
28.34856,77.23132,307.67,0.55,0.51,2026-09-24,2008,N20,VIIRS,n,2.0NRT,294.1,0.87,N
28.7086,76.85249,305.02,0.59,0.53,2026-09-24,2008,N20,VIIRS,n,2.0NRT,294.56,1.15,N
28.71004,76.85292,304.97,0.59,0.53,2026-09-24,2008,N20,VIIRS,n,2.0NRT,294.45,2.17,N
31.61731,74.37303,305.24,0.45,0.63,2026-09-24,2008,N20,VIIRS,n,2.0NRT,292.51,0.73,N
32.29797,74.31199,303.92,0.46,0.63,2026-09-24,2008,N20,VIIRS,n,2.0NRT,291.46,1.46,N
32.30355,74.31743,312.01,0.46,0.63,2026-09-24,2008,N20,VIIRS,n,2.0NRT,291.26,1.8,N
32.30461,74.31501,312.79,0.46,0.63,2026-09-24,2008,N20,VIIRS,n,2.0NRT,291.05,2.2,N
21.10476,72.6455,323.23,0.44,0.63,2026-09-24,2010,N20,VIIRS,n,2.0NRT,292.86,2.93,N
21.10517,72.64117,326.59,0.45,0.63,2026-09-24,2010,N20,VIIRS,n,2.0NRT,292.64,6.44,N
21.10558,72.63684,324.14,0.45,0.63,2026-09-24,2010,N20,VIIRS,n,2.0NRT,293.42,6.44,N
21.10598,72.63249,353.9,0.45,0.63,2026-09-24,2010,N20,VIIRS,n,2.0NRT,293.02,5.36,N
21.11055,72.64613,307.98,0.44,0.63,2026-09-24,2010,N20,VIIRS,n,2.0NRT,293.7,2.93,N
21.11178,72.63314,312.71,0.45,0.63,2026-09-24,2010,N20,VIIRS,n,2.0NRT,294.26,5.36,N
22.47387,91.7338,304.14,0.55,0.51,2026-09-24,2010,N20,VIIRS,n,2.0NRT,277.44,1.07,N
24.66301,74.63254,305.33,0.36,0.58,2026-09-24,2010,N20,VIIRS,n,2.0NRT,294.24,1.32,N
24.66439,74.63258,305.09,0.36,0.58,2026-09-24,2010,N20,VIIRS,n,2.0NRT,294.22,1.44,N
24.76594,74.60468,309.21,0.37,0.58,2026-09-24,2010,N20,VIIRS,n,2.0NRT,293.31,1.1,N
17.06264,76.97691,302.89,0.41,0.45,2026-09-24,2012,N20,VIIRS,n,2.0NRT,281.92,0.75,N
18.53758,74.23166,297.17,0.33,0.55,2026-09-24,2012,N20,VIIRS,n,2.0NRT,268.62,0.27,N
18.53849,74.2337,295.36,0.33,0.55,2026-09-24,2012,N20,VIIRS,n,2.0NRT,268.45,0.43,N
11.55362,77.24593,308.43,0.51,0.41,2026-09-24,2014,N20,VIIRS,n,2.0NRT,271.48,1.51,N
32.2988,74.3152,301.57,0.49,0.65,2026-09-24,2148,N20,VIIRS,n,2.0NRT,290.22,0.59,N
21.10514,72.64676,305.79,0.73,0.76,2026-09-24,2150,N20,VIIRS,n,2.0NRT,292.37,3.39,N
21.10685,72.63995,305.47,0.73,0.76,2026-09-24,2150,N20,VIIRS,n,2.0NRT,292.41,4.26,N
22.9342,69.69633,320.12,0.43,0.62,2026-09-24,2150,N20,VIIRS,n,2.0NRT,296.4,2.37,N
25.3903,68.58427,319.87,0.33,0.55,2026-09-24,2150,N20,VIIRS,n,2.0NRT,296.82,0.92,N
25.39101,68.58109,306.61,0.33,0.55,2026-09-24,2150,N20,VIIRS,n,2.0NRT,296.42,0.92,N
26.09368,68.87835,310.55,0.33,0.55,2026-09-24,2150,N20,VIIRS,n,2.0NRT,297.28,0.74,N
28.05211,69.36842,334.99,0.32,0.55,2026-09-24,2150,N20,VIIRS,n,2.0NRT,298.47,1.55,N
28.42698,69.7009,314.99,0.33,0.55,2026-09-24,2150,N20,VIIRS,n,2.0NRT,297.32,1.75,N
8.11408,80.98805,327.4,0.49,0.65,2026-09-25,718,N20,VIIRS,n,2.0NRT,273.49,3.03,D
8.1165,80.9865,326.95,0.49,0.65,2026-09-25,718,N20,VIIRS,n,2.0NRT,273.8,4.01,D
8.96131,80.84394,349.33,0.48,0.65,2026-09-25,720,N20,VIIRS,n,2.0NRT,274.75,6.56,D
8.96315,80.84235,344.69,0.49,0.65,2026-09-25,720,N20,VIIRS,n,2.0NRT,275.27,8.71,D
8.97896,80.67806,328.63,0.5,0.66,2026-09-25,720,N20,VIIRS,n,2.0NRT,271.67,3.73,D
9.3869,80.32471,328.91,0.52,0.67,2026-09-25,720,N20,VIIRS,n,2.0NRT,272.45,3.89,D
9.38892,80.32713,326.97,0.52,0.67,2026-09-25,720,N20,VIIRS,n,2.0NRT,272.04,3.49,D
25.96023,93.66666,332.58,0.42,0.45,2026-09-25,722,N20,VIIRS,n,2.0NRT,293.3,2.2,D
27.02924,94.89082,331.41,0.51,0.49,2026-09-25,724,N20,VIIRS,n,2.0NRT,295.33,3.25,D
27.67086,96.2429,328.06,0.63,0.54,2026-09-25,724,N20,VIIRS,n,2.0NRT,292.15,5.03,D
27.73505,96.28443,342.53,0.32,0.54,2026-09-25,724,N20,VIIRS,n,2.0NRT,291.04,3.36,D
27.73532,96.28761,334.31,0.32,0.54,2026-09-25,724,N20,VIIRS,n,2.0NRT,289.63,3.36,D
27.73546,96.28601,367,0.32,0.54,2026-09-25,724,N20,VIIRS,h,2.0NRT,290.97,7.07,D
27.74861,96.26527,343.49,0.64,0.54,2026-09-25,724,N20,VIIRS,n,2.0NRT,294.34,11.11,D
27.7489,96.26693,348.07,0.63,0.54,2026-09-25,724,N20,VIIRS,n,2.0NRT,294.48,11.2,D
27.75473,96.10436,327.46,0.62,0.54,2026-09-25,724,N20,VIIRS,n,2.0NRT,295.56,2.7,D
27.88988,96.08911,328.85,0.62,0.54,2026-09-25,724,N20,VIIRS,n,2.0NRT,295.77,2.73,D
30.21978,72.10999,337.73,0.61,0.71,2026-09-25,726,N20,VIIRS,n,2.0NRT,297.7,5.06,D
30.82652,74.12354,367,0.45,0.63,2026-09-25,726,N20,VIIRS,h,2.0NRT,296.44,14.98,D
18.8579,72.92867,367,0.34,0.56,2026-09-25,902,N20,VIIRS,h,2.0NRT,296.78,6.48,D
19.36833,71.35696,332.92,0.54,0.51,2026-09-25,902,N20,VIIRS,n,2.0NRT,293.83,2.46,D
21.10027,72.63811,339.28,0.34,0.56,2026-09-25,905,N20,VIIRS,n,2.0NRT,291.47,2.53,D
21.10648,72.64751,338.48,0.34,0.56,2026-09-25,905,N20,VIIRS,n,2.0NRT,290.39,4.37,D
22.93247,69.69941,341.66,0.47,0.48,2026-09-25,905,N20,VIIRS,n,2.0NRT,308.89,4.91,D
25.6359,69.49288,340.68,0.49,0.49,2026-09-25,905,N20,VIIRS,n,2.0NRT,305.85,2.37,D
27.40991,71.41462,338.36,0.34,0.56,2026-09-25,905,N20,VIIRS,l,2.0NRT,312.17,2.51,D
27.63429,68.38343,337.45,0.45,0.47,2026-09-25,905,N20,VIIRS,l,2.0NRT,309.09,8.45,D
27.63857,68.38287,344.3,0.45,0.47,2026-09-25,905,N20,VIIRS,n,2.0NRT,308.58,11.29,D
27.95555,68.99998,335.37,0.49,0.48,2026-09-25,905,N20,VIIRS,l,2.0NRT,307.96,3.09,D
27.95791,68.93439,348.56,0.48,0.48,2026-09-25,905,N20,VIIRS,n,2.0NRT,309.33,8.28,D
31.47302,75.06176,330.12,0.62,0.71,2026-09-25,905,N20,VIIRS,n,2.0NRT,292.06,3.97,D
28.05278,69.37175,342.45,0.52,0.5,2026-09-25,907,N20,VIIRS,n,2.0NRT,305.28,4.36,D
28.05295,69.36971,335.28,0.52,0.5,2026-09-25,907,N20,VIIRS,n,2.0NRT,304.71,6.41,D
28.70712,68.19604,346.45,0.45,0.47,2026-09-25,907,N20,VIIRS,n,2.0NRT,313.03,4.72,D
29.11624,71.02922,348.2,0.34,0.56,2026-09-25,907,N20,VIIRS,n,2.0NRT,298.77,3.76,D
30.81184,76.01312,304.96,0.67,0.74,2026-09-25,1947,N20,VIIRS,n,2.0NRT,289.21,1.2,N
21.59277,96.22589,306.56,0.55,0.51,2026-09-25,1949,N20,VIIRS,n,2.0NRT,289.61,1.51,N
21.59378,96.22981,306.38,0.55,0.51,2026-09-25,1949,N20,VIIRS,n,2.0NRT,289.61,1.35,N
22.05646,88.12705,306.21,0.39,0.36,2026-09-25,1949,N20,VIIRS,n,2.0NRT,289.67,2.66,N
22.36356,87.01646,309.33,0.4,0.37,2026-09-25,1949,N20,VIIRS,n,2.0NRT,290.18,1.87,N
22.48031,90.70952,306.41,0.41,0.37,2026-09-25,1949,N20,VIIRS,n,2.0NRT,289.69,0.33,N
22.79265,86.1945,306.86,0.43,0.38,2026-09-25,1949,N20,VIIRS,n,2.0NRT,289.03,1.14,N
23.58118,86.72454,309.78,0.42,0.37,2026-09-25,1949,N20,VIIRS,n,2.0NRT,292.03,1.65,N
23.63302,86.29369,306.11,0.43,0.38,2026-09-25,1949,N20,VIIRS,n,2.0NRT,289.8,1.62,N
23.68424,86.39553,310.74,0.43,0.38,2026-09-25,1949,N20,VIIRS,n,2.0NRT,290.15,2.16,N
23.68484,86.39132,312.57,0.43,0.38,2026-09-25,1949,N20,VIIRS,n,2.0NRT,290.02,2.35,N
23.76654,86.40283,299.45,0.43,0.38,2026-09-25,1949,N20,VIIRS,n,2.0NRT,287.78,1.27,N
23.77379,86.19624,299.69,0.44,0.38,2026-09-25,1949,N20,VIIRS,n,2.0NRT,287.25,0.88,N
23.77531,86.3656,314.16,0.43,0.38,2026-09-25,1949,N20,VIIRS,n,2.0NRT,290.39,2.02,N
23.77932,86.38784,303.93,0.43,0.38,2026-09-25,1949,N20,VIIRS,n,2.0NRT,288.99,0.78,N
24.11442,86.85885,311.92,0.42,0.37,2026-09-25,1949,N20,VIIRS,n,2.0NRT,292.06,2.3,N
26.0373,91.26945,305.54,0.4,0.37,2026-09-25,1949,N20,VIIRS,n,2.0NRT,289.56,0.94,N
27.32738,95.27514,304.16,0.57,0.43,2026-09-25,1949,N20,VIIRS,n,2.0NRT,288.64,0.46,N
27.37604,95.3362,305.69,0.57,0.43,2026-09-25,1949,N20,VIIRS,n,2.0NRT,287.8,1.25,N
27.37995,95.33717,308.43,0.57,0.43,2026-09-25,1949,N20,VIIRS,n,2.0NRT,289.05,1.43,N
27.38107,95.33154,302.08,0.57,0.43,2026-09-25,1949,N20,VIIRS,n,2.0NRT,286.83,0.79,N
28.32125,77.21558,301.9,0.54,0.68,2026-09-25,1949,N20,VIIRS,n,2.0NRT,286.56,0.53,N
28.32468,77.2164,303.04,0.54,0.68,2026-09-25,1949,N20,VIIRS,n,2.0NRT,287.49,0.84,N
28.7114,76.85444,304.46,0.58,0.69,2026-09-25,1949,N20,VIIRS,n,2.0NRT,290.71,0.83,N
28.74586,77.12883,308.73,0.55,0.68,2026-09-25,1949,N20,VIIRS,n,2.0NRT,290.46,1.81,N
28.74622,77.12306,304.49,0.55,0.68,2026-09-25,1949,N20,VIIRS,n,2.0NRT,290.21,1.6,N
28.74872,77.1236,312.17,0.55,0.68,2026-09-25,1949,N20,VIIRS,n,2.0NRT,290.16,2.71,N
15.89415,75.41387,303.63,0.52,0.67,2026-09-25,1951,N20,VIIRS,n,2.0NRT,278.45,0.89,N
9.26441,80.14289,317.62,0.41,0.45,2026-09-25,1953,N20,VIIRS,n,2.0NRT,285.98,3.19,N
31.25991,76.92419,303.16,0.4,0.6,2026-09-25,2127,N20,VIIRS,n,2.0NRT,287.51,0.77,N
32.30343,74.31696,310.51,0.53,0.5,2026-09-25,2127,N20,VIIRS,n,2.0NRT,293.21,1.1,N
32.37838,72.13929,303.23,0.4,0.44,2026-09-25,2127,N20,VIIRS,n,2.0NRT,292.51,0.88,N
32.57783,72.56284,304.73,0.42,0.45,2026-09-25,2127,N20,VIIRS,n,2.0NRT,294.71,0.86,N
32.72164,72.92389,302.66,0.44,0.46,2026-09-25,2127,N20,VIIRS,n,2.0NRT,291.69,0.89,N
32.88892,71.61581,309.08,0.56,0.43,2026-09-25,2127,N20,VIIRS,n,2.0NRT,293.47,1.73,N
33.29803,71.18494,309.31,0.52,0.42,2026-09-25,2127,N20,VIIRS,n,2.0NRT,291.25,1.58,N
33.54732,71.55065,308,0.54,0.42,2026-09-25,2127,N20,VIIRS,n,2.0NRT,293.61,1.18,N
33.85066,72.86997,303.42,0.41,0.45,2026-09-25,2127,N20,VIIRS,n,2.0NRT,292.76,0.7,N
26.25904,74.09378,305.02,0.35,0.57,2026-09-25,2129,N20,VIIRS,n,2.0NRT,294.57,0.73,N
27.66821,76.13337,302.72,0.43,0.62,2026-09-25,2129,N20,VIIRS,n,2.0NRT,292.65,0.74,N
27.66926,76.12911,302.91,0.43,0.62,2026-09-25,2129,N20,VIIRS,n,2.0NRT,292.51,0.74,N
28.03909,69.67334,310.35,0.54,0.42,2026-09-25,2129,N20,VIIRS,n,2.0NRT,298.76,1.25,N
28.0411,69.67314,309.42,0.54,0.42,2026-09-25,2129,N20,VIIRS,n,2.0NRT,298.68,1.87,N
28.05239,69.36746,332.3,0.52,0.41,2026-09-25,2129,N20,VIIRS,n,2.0NRT,298.92,2.77,N
28.42653,69.70271,314.97,0.53,0.42,2026-09-25,2129,N20,VIIRS,n,2.0NRT,297.33,2.32,N
30.44603,70.56556,306.56,0.54,0.42,2026-09-25,2129,N20,VIIRS,n,2.0NRT,294.91,1.11,N
30.8128,76.01749,306.22,0.36,0.57,2026-09-25,2129,N20,VIIRS,n,2.0NRT,291.38,0.36,N
32.28991,70.73689,306.73,0.52,0.41,2026-09-25,2129,N20,VIIRS,n,2.0NRT,293.07,1.06,N
18.68553,73.03807,303.34,0.43,0.62,2026-09-25,2131,N20,VIIRS,n,2.0NRT,291.74,2.39,N
18.6873,73.03009,308.32,0.43,0.62,2026-09-25,2131,N20,VIIRS,n,2.0NRT,292.29,1.7,N
18.69138,73.05018,303.69,0.43,0.62,2026-09-25,2131,N20,VIIRS,n,2.0NRT,291.33,1.26,N
20.91288,71.4604,297.51,0.62,0.54,2026-09-25,2131,N20,VIIRS,n,2.0NRT,280.85,0.67,N
21.10282,72.63406,309.43,0.36,0.58,2026-09-25,2131,N20,VIIRS,n,2.0NRT,274.91,1.58,N
21.10501,72.64906,298.86,0.36,0.58,2026-09-25,2131,N20,VIIRS,n,2.0NRT,271.47,1.02,N
21.10576,72.64562,302.38,0.36,0.58,2026-09-25,2131,N20,VIIRS,n,2.0NRT,272.42,1.03,N
21.1132,72.63664,300.77,0.36,0.58,2026-09-25,2131,N20,VIIRS,n,2.0NRT,273.92,0.71,N
22.33986,69.85315,308.4,0.46,0.47,2026-09-25,2131,N20,VIIRS,n,2.0NRT,298.15,3.19,N
22.93245,69.69536,314.2,0.44,0.46,2026-09-25,2131,N20,VIIRS,n,2.0NRT,295.33,1.54,N
22.93579,69.70051,308.08,0.44,0.46,2026-09-25,2131,N20,VIIRS,n,2.0NRT,296.13,3.45,N
22.93663,69.69632,314.88,0.44,0.46,2026-09-25,2131,N20,VIIRS,n,2.0NRT,296.04,1.54,N
23.12218,70.08675,327.97,0.46,0.47,2026-09-25,2131,N20,VIIRS,n,2.0NRT,296.44,2.76,N
24.66351,74.63251,302.88,0.41,0.61,2026-09-25,2131,N20,VIIRS,n,2.0NRT,287.11,1.2,N
24.6637,74.63251,303.17,0.41,0.61,2026-09-25,2131,N20,VIIRS,n,2.0NRT,287.34,1.3,N
24.82184,73.0936,307.68,0.33,0.55,2026-09-25,2131,N20,VIIRS,n,2.0NRT,295.81,0.73,N
24.82252,73.09056,305.09,0.33,0.55,2026-09-25,2131,N20,VIIRS,n,2.0NRT,293.7,0.73,N
25.38707,68.58394,322.23,0.52,0.41,2026-09-25,2131,N20,VIIRS,n,2.0NRT,297.22,2.08,N