kind,site_id,name,lat,lon
COAL,L100000100053,Barisal power station,21.961035,90.062712
COAL,L100000100056,Payra power station (BCPCL),21.999967,90.305655
COAL,L100000100057,Patuakhali power station (RPCL/NORINCO),22.025149,90.312349
COAL,L100000100060,Banshkhali power station (S Alam),21.970844,91.888932
COAL,L100000100069,Matarbari power station,21.701840,91.883400
COAL,L100000100077,Rampal power station,22.592458,89.556427
COAL,L100000100079,Barapukuria power station,25.553757,88.948631
COAL,L100000101653,Huawei Hetian power station,37.167593,79.905582
COAL,L100000102032,Balaji Cement power station,16.870488,80.022017
COAL,L100000102033,Bander power station,14.351195,80.143086
COAL,L100000102038,Dr. Narla Tata Rao Thermal power station,16.598490,80.536585
COAL,L100000102040,East Godavari Mill power station,17.029896,81.772481
COAL,L100000102052,Makavarapalem Smelter power station,17.593956,82.743769
COAL,L100000102053,Meenakshi Energy Thermal Power Project,14.211195,80.090062
COAL,L100000102055,Muthukur Mandal power station (Painampuram),14.351195,80.143086
COAL,L100000102059,Nellore power station,14.490572,79.986949
COAL,L100000102066,Rayalaseema Thermal Power Project,14.697282,78.459364
COAL,L100000102067,Saggonda power station,17.177996,81.611393
COAL,L100000102068,Simhadri power station,17.591000,83.091660
COAL,L100000102071,Sri Damodaram Sanjeevaiah Thermal Power Station,14.327604,80.122105
COAL,L100000102073,Simhapuri Thamminapatnam power station,14.204576,80.086636
COAL,L100000102079,Visakhapatnam Sarda power station,17.720246,83.271732
COAL,L100000102081,Vizag Simhadri power station,17.636926,83.193133
COAL,L100000102082,Vizag Steel Plant power station,17.606547,83.196713
COAL,L100000102083,Vizag Thermal Power Plant,17.563642,83.138877
COAL,L100000102085,Bongaigaon power station,26.444370,90.367205
COAL,L100000102090,Barauni power station,25.391376,86.023488
COAL,L100000102092,Barh I power station,25.486500,85.745160
COAL,L100000102093,Barh II power station,25.486500,85.745160
COAL,L100000102095,Buxar Thermal Power Station,25.462349,83.882568
COAL,L100000102104,Kahalgaon Super Thermal Power Plant,25.236903,87.265595
COAL,L100000102112,Muzaffarpur power station,26.194771,85.303302
COAL,L100000102113,Nabinagar Super Thermal Power Project,24.776000,84.158025
COAL,L100000102114,Nabinagar Thermal Power Project,24.705081,84.088738
COAL,L100000102121,Adani Raigarh Thermal Power Plant,21.743775,83.274093
COAL,L100000102123,Arasmeta Cement Plant power station,21.962266,82.354403
COAL,L100000102124,Athena Chhattisgarh power station,21.906765,83.129001
COAL,L100000102125,BALCO Korba power station,22.393094,82.743944
COAL,L100000102127,Baradarha power station,21.911436,83.188863
COAL,L100000102130,Bhandhakhar power station,22.340954,82.430603
COAL,L100000102132,Bhilai Steel power station,21.184000,81.423700
COAL,L100000102133,Binjkote power station,22.010422,83.205779
COAL,L100000102137,Chakabura power station,22.393653,82.553249
COAL,L100000102142,Dongamahua Captive Power Plant,22.127945,83.535919
COAL,L100000102143,Dr. Shyama Prasad Mukherjee Thermal Power Station,22.368196,82.721986
COAL,L100000102148,Hasdeo Thermal Power Station,22.412536,82.682187
COAL,L100000102149,Hathneora Captive Power Plant,22.003538,82.668900
COAL,L100000102152,Kasaipalli power station,22.388950,82.554900
COAL,L100000102153,Katghora power station,22.489779,82.606180
COAL,L100000102157,Korba Super Thermal Power Station (NTPC),22.387422,82.681896
COAL,L100000102159,KSK Mahanadi Power Project,21.960296,82.409064
COAL,L100000102162,Korba Power Thermal Power Plant (Adani),22.245400,82.724600
COAL,L100000102164,Lara Integrated Thermal Power Project,21.757661,83.457545
COAL,L100000102165,Marwa power station,22.070801,82.602189
COAL,L100000102167,Raigarh Ind Power power station,21.871813,83.497338
COAL,L100000102168,Raigarh Jindal power station,21.924951,83.345444
COAL,L100000102169,Raigarh TRN Power Project,21.906738,83.128556
COAL,L100000102172,JSW Ispat Raigarh power station,21.987781,83.231306
COAL,L100000102173,Raikheda power station,21.449918,81.852474
COAL,L100000102174,Raipur Jain power station,21.311968,81.613183
COAL,L100000102175,Raipur Neco power station,21.343761,81.672524
COAL,L100000102176,Raipur Sponge Iron power station,21.987781,83.231306
COAL,L100000102177,Ratija Power Project,22.339994,82.492776
COAL,L100000102178,Rawan Cement power station,24.764914,74.609613
COAL,L100000102179,Salora power station,22.489952,82.606239
COAL,L100000102183,Siltara SKS power station,21.391385,81.646357
COAL,L100000102184,Siltara Works power station,21.373230,81.684410
COAL,L100000102185,Sipat power station,22.131662,82.290350
COAL,L100000102188,SVPL power station,22.292000,82.525400
COAL,L100000102189,Tamnar power station,22.098747,83.451312
COAL,L100000102190,Uchpinda power station,21.886400,83.120810
COAL,L100000102193,Akrimota Power Project,23.772500,68.645556
COAL,L100000102194,Ambujanagar Cement Plant power station,20.835455,70.695540
COAL,L100000102197,Bhadreshwar power station (OPG),22.896182,69.896263
COAL,L100000102199,Bhavnagar power station,21.583152,72.222179
COAL,L100000102207,Gandhinagar Thermal Power Station,23.249722,72.673889
COAL,L100000102210,Hazira power station (Essar),21.119078,72.640545
COAL,L100000102213,Kutch GSECL power station,23.663934,68.784128
COAL,L100000102214,Kutch Welspun power station,23.117500,70.082200
COAL,L100000102217,Mundra Thermal Power Project (Adani),22.823560,69.551109
COAL,L100000102223,Sabarmati power station,23.070555,72.593889
COAL,L100000102224,Salaya power plant,22.304900,69.710100
COAL,L100000102225,Sikka Thermal Power Station,22.420828,69.827600
COAL,L100000102228,Surat Lignite Power Plant,21.397304,73.106993
COAL,L100000102230,Tata Mundra Ultra Mega Power Project,22.815800,69.528100
COAL,L100000102231,Ukai Thermal Power Station,21.209300,73.557400
COAL,L100000102232,Vilayat Caustic power station,21.777753,72.902497
COAL,L100000102233,Wanakbori Thermal Power Station,22.872537,73.358803
COAL,L100000102234,Deenbandhu Chhotu Ram Thermal Power Plant,30.107518,77.326765
COAL,L100000102237,Indira Gandhi Super Thermal Power Project,28.485091,76.373160
COAL,L100000102238,Mahatma Gandhi power station,28.488143,76.352534
COAL,L100000102239,Panipat power station,29.397506,76.876316
COAL,L100000102240,Rajiv Gandhi Thermal Power Project,29.346980,75.857538
COAL,L100000102243,Adani Godda power station,24.814107,87.135465
COAL,L100000102248,Bokaro Thermal Power Station,23.782944,85.883391
COAL,L100000102250,Bokaro Steel City Thermal Power Station,23.685875,86.092944
COAL,L100000102252,Chandrapura power station,23.741256,86.120209
COAL,L100000102263,Gola power station,23.483620,85.657485
COAL,L100000102265,Jamshedpur Works power station,22.787368,86.200088
COAL,L100000102268,Jojobera Power Plant,22.755400,86.249100
COAL,L100000102272,Koderma Thermal Power Station,24.391534,85.561899
COAL,L100000102275,Mahadev Prasad Super Thermal Power Plant,22.836504,86.061294
COAL,L100000102276,Maithon Right Bank Thermal Power Station,23.820900,86.760000
COAL,L100000102278,North Karanpura power station,23.850772,85.012411
COAL,L100000102279,Palamau Plant power station,24.229020,83.885832
COAL,L100000102281,Patratu JSEB power station,23.640000,85.293100
COAL,L100000102287,Tenughat power station,23.727663,85.765232
COAL,L100000102293,Bellary Thermal Power Station,15.193174,76.719503
COAL,L100000102295,Danapuram BMM power station,15.170332,76.379077
COAL,L100000102303,JSW Vijayanagar Toranagallu power station,15.186771,76.662139
COAL,L100000102306,Kudgi Super Thermal Power Project,16.499546,75.834632
COAL,L100000102309,Raichur Thermal Power Station,16.353200,77.342200
COAL,L100000102311,Udupi power station,13.159600,74.800200
COAL,L100000102312,Vadlur power station,16.301584,77.361538
COAL,L100000102315,Yermarus power station,16.295261,77.356120
COAL,L100000102318,Anuppur Thermal Power Project (MB Power),23.073731,81.784286
COAL,L100000102324,Bina Thermal Power Project,24.317222,78.133564
COAL,L100000102331,Gadarwara power station (BLA),22.958166,78.732893
COAL,L100000102332,Gadarwara Super Thermal Power Project,22.861752,78.866129
COAL,L100000102338,Jaypee Nigrie Super Thermal Power Project,24.149970,81.904525
COAL,L100000102340,NTPC Seoni power station,22.735479,79.912341
COAL,L100000102345,Khargone power station,22.065169,75.851943
COAL,L100000102347,Mahan Aluminium power station,24.220902,82.437197
COAL,L100000102348,Mahan Super Thermal Power Project,24.008674,82.417030
COAL,L100000102353,MP Amarkantak power station,23.162146,81.632816
COAL,L100000102359,Sanjay Gandhi power station,23.305744,81.064817
COAL,L100000102360,Sasan Ultra Mega Power Project,23.977523,82.626473
COAL,L100000102361,Satpura Thermal Power Station,22.108133,78.177072
COAL,L100000102366,Shree Singaji Thermal Power Project,22.099140,76.531727
COAL,L100000102367,Sidhi Cement Plant power station,24.326294,81.332817
COAL,L100000102371,Vindhyachal power station,24.098300,82.671900
COAL,L100000102375,Amravati Thermal Power Project,21.080316,77.901242
COAL,L100000102377,Ballarpur Bilt Power power station,19.860468,79.339438
COAL,L100000102379,Bela power station,20.809150,79.054892
COAL,L100000102384,Bhigwan Mill power station,18.242234,74.752554
COAL,L100000102385,Bhusawal Thermal Power Station,21.047980,75.855020
COAL,L100000102387,Butibori Power Project,20.928591,78.933281
COAL,L100000102388,Chandrapur Thermal Power Station,20.006300,79.290000
COAL,L100000102389,Chandrapur Works power station,20.369372,78.882890
COAL,L100000102391,Dahanu power station,19.953483,72.748691
COAL,L100000102394,Dhariwal power station,20.010588,79.203433
COAL,L100000102400,GMR Warora Energy power station,20.279656,78.975351
COAL,L100000102402,Ghugus power station,19.929490,79.133159
COAL,L100000102405,JSW Tarapur power station,19.794507,72.740525
COAL,L100000102406,Khaperkheda power station,21.281800,79.116000
COAL,L100000102407,Khopoli Works power station,18.770775,73.259362
COAL,L100000102411,Koradi Thermal Power Station,21.235982,79.091949
COAL,L100000102414,Manikgarh Cement power station,19.721222,79.174604
COAL,L100000102415,Mauda power station,21.180740,79.396541
COAL,L100000102417,MIHAN Power Project,21.037700,78.933400
COAL,L100000102419,Nardana Vaghode power station,21.151030,74.854206
COAL,L100000102420,Nasik MAHAGENCO Thermal Power Station,19.981459,73.892056
COAL,L100000102421,Nasik RattanIndia Thermal Power Project,19.866659,74.081749
COAL,L100000102422,Paras power station,20.714700,76.794800
COAL,L100000102423,Parbhani Renuka power station,19.267918,76.435742
COAL,L100000102424,Parli Thermal Power Station,18.907586,76.542950
COAL,L100000102428,Ratnagiri Power Plant,17.296375,73.213105
COAL,L100000102431,Solapur power station,17.551296,75.983200
COAL,L100000102432,Tiroda Thermal Power Project,21.412502,79.967310
COAL,L100000102433,Trombay power station,19.002700,72.897900
COAL,L100000102436,Wardha Warora Power Plant,20.272443,78.978916
COAL,L100000102437,Wardha Works power station,20.708949,78.628151
COAL,L100000102441,Aditya Aluminium power station,21.740068,84.060592
COAL,L100000102442,Angul power station,21.127044,84.980552
COAL,L100000102443,Angul Smelter power station,20.849026,85.190220
COAL,L100000102444,Angul Steel power station,20.892474,84.990390
COAL,L100000102448,Barbil Jagannath power station,22.132361,85.383071
COAL,L100000102452,Bhubaneshwar Jasper power station,20.479398,85.744920
COAL,L100000102454,Choudwar power station,20.535296,85.910723
COAL,L100000102457,Cuttack Works power station,20.515913,85.723098
COAL,L100000102458,Darlipali power station,21.963554,83.891870
COAL,L100000102459,Duburi Steel power station,20.960233,86.050308
COAL,L100000102466,Hirakud Smelter power station,21.529687,83.904569
COAL,L100000102467,Ib Valley Thermal Power Station,21.689783,83.860157
COAL,L100000102470,Jharsuguda CPP power station,21.787993,84.054361
COAL,L100000102471,Jharsuguda Ind-Barath power station,21.657942,83.919513
COAL,L100000102472,Jharsuguda Sterlite power station,21.815743,84.042036
COAL,L100000102474,Kalinganagar Maithan power station,20.922672,86.042365
COAL,L100000102476,Kamalanga power station,20.870576,85.266979
COAL,L100000102477,Kharagprasad power station,20.809441,85.288621
COAL,L100000102479,Lanjigarh Refinery power station,19.711863,83.397785
COAL,L100000102481,Meramandali power station,20.807292,85.253151
COAL,L100000102486,Paradip Oswal power station,20.312227,86.659547
COAL,L100000102487,Paradip power station,20.312210,86.645829
COAL,L100000102490,Randia power station,21.067296,86.454828
COAL,L100000102491,Rayagada Paper power station,19.246167,83.412430
COAL,L100000102492,Rengali Bhushan power station,21.680814,84.040505
COAL,L100000102494,Rourkela Works-2 power station,22.221000,84.880551
COAL,L100000102502,Talcher Kaniha Super Thermal Power Station,21.097067,85.075027
COAL,L100000102506,Utkal Smelter power station,19.195499,83.029931
COAL,L100000102511,Goindwal Sahib Thermal Power Plant,31.384140,75.146503
COAL,L100000102512,Guru Hargobind Lehra Mohabbat Power Station,30.266555,75.166097
COAL,L100000102515,Rajpura Thermal Power Project,30.558963,76.577593
COAL,L100000102516,Ropar power station,31.041809,76.584500
COAL,L100000102518,Talwandi Sabo Power Project,29.924580,75.238929
COAL,L100000102519,Ajmer power station,26.073889,74.385000
COAL,L100000102521,Barsingsar Thermal Power Project,27.845022,73.199426
COAL,L100000102523,Chanderiya Smelter power station,24.963223,74.668532
COAL,L100000102524,Chhabra Thermal Power Station,24.620920,77.035439
COAL,L100000102525,Giral power station,26.045717,71.254096
COAL,L100000102526,JSW Barmer Jalipa Kapurdi power station,25.895391,71.329871
COAL,L100000102527,Kalisindh Thermal Power Station,24.532513,76.100353
COAL,L100000102528,Kawai Thermal Power Project,24.777997,76.737144
COAL,L100000102529,Kota Complex power station,25.128632,75.883521
COAL,L100000102530,Kota power station,25.171014,75.816976
COAL,L100000102532,Rajpura Dariba Mine power station,24.947776,74.131622
COAL,L100000102533,Shriram Rayons power station,25.138396,75.883598
COAL,L100000102534,Suratgarh Super Thermal Power Station,29.181766,74.018741
COAL,L100000102535,VS Lignite Plant,27.856700,72.857700
COAL,L100000102536,Zawar Mines power station,24.349796,73.748621
COAL,L100000102537,ARS Metals Gummidipoondi captive power station,13.423889,80.066111
COAL,L100000102539,Cauvery Power Gummidipoondi captive power station,13.423182,80.066316
COAL,L100000102540,Chennai power station,13.437422,80.097880
COAL,L100000102542,Cuddalore IL&FS power station,11.521509,79.751501
COAL,L100000102548,Gummidipoondi Kamachi power station,13.424018,80.087457
COAL,L100000102549,Gummidipoondi Suryadev power station,13.384779,80.107416
COAL,L100000102550,Tulsyan Steel Gummidipoondi captive power station,13.416421,80.056944
COAL,L100000102554,Kagithapuram Mill power station,11.052854,77.995806
COAL,L100000102560,Mettur Siscol power station,11.814008,77.919073
COAL,L100000102561,Mettur Thermal Power Station,11.772020,77.814105
COAL,L100000102562,Moxie Power Melamaruthur Thermal Power Plant,8.912716,78.144965
COAL,L100000102563,Nagai Nagapattinam Power Project,10.824085,79.753828
COAL,L100000102565,New Neyveli Thermal Power Station,11.547055,79.442890
COAL,L100000102566,Neyveli Thermal Power Station I,11.546482,79.444503
COAL,L100000102567,Neyveli Thermal Power Station II,11.557589,79.441570
COAL,L100000102568,Neyveli Zero power station,11.540100,79.415900
COAL,L100000102569,North Chennai Thermal Power Station,13.253013,80.327804
COAL,L100000102571,Salem Siscol power station,11.814008,77.919073
COAL,L100000102574,SEPC Tuticorin power station,8.755311,78.158031
COAL,L100000102584,Tuticorin NTPL power station,8.760363,78.171083
COAL,L100000102587,Tuticorin Thermal Power Station,8.762518,78.175976
COAL,L100000102590,Vallur Thermal Power Plant,13.237131,80.301754
COAL,L100000102592,Bhadradri power station,18.027488,80.735645
COAL,L100000102593,Ganeshpahad Cement power station,16.719583,79.694450
COAL,L100000102595,Kakatiya Thermal Power Project,18.383193,79.827164
COAL,L100000102598,Kothagudem Thermal Power Station,17.621900,80.693550
COAL,L100000102599,HWP Manuguru power station,17.878320,80.848644
COAL,L100000102600,Paloncha power station,17.582457,80.672708
COAL,L100000102601,Pegadapalli (Jaipur Mandal) power station,18.827056,79.570284
COAL,L100000102602,Ramagundam power station,18.758450,79.457317
COAL,L100000102606,Sitapuram Cement power station,16.830070,80.040774
COAL,L100000102608,Yadadri power station,16.708219,79.581184
COAL,L100000102610,Anpara power station,24.202043,82.789128
COAL,L100000102611,Anpara-C power station,24.203788,82.797330
COAL,L100000102612,Anpara-D power station,24.196262,82.806342
COAL,L100000102616,Bara Thermal Power Project,25.196345,81.658534
COAL,L100000102619,Barkhera IPP power station,28.472281,79.806725
COAL,L100000102622,Chunar Cement power station,25.090885,82.897339
COAL,L100000102623,Churk captive power station,24.639104,83.101085
COAL,L100000102626,Feroze Gandhi Unchahar Power Station,25.913760,81.327238
COAL,L100000102628,Ghatampur power station,25.975000,80.188900
COAL,L100000102630,Harduaganj power station,28.017500,78.130000
COAL,L100000102632,Jawaharpur Thermal Project,27.497098,78.826071
COAL,L100000102635,Khamberkhera IPP power station,28.016987,80.830637
COAL,L100000102636,Khurja power station,28.158333,77.908333
COAL,L100000102637,Kundarki Ipp power station,27.078873,82.083604
COAL,L100000102638,Lalitpur power project,24.795833,78.646944
COAL,L100000102639,Maqsoodpur power station,28.244405,79.997547
COAL,L100000102640,Meja Thermal Power Project,25.145867,81.940096
COAL,L100000102642,National Capital Dadri Thermal Power Plant,28.603000,77.607800
COAL,L100000102644,Obra Thermal Power Station,24.444580,82.980333
COAL,L100000102645,Panki Thermal Power Station,26.476600,80.241000
COAL,L100000102646,Parichha power station,25.513571,78.757918
COAL,L100000102648,Renusagar power station,24.181093,82.791279
COAL,L100000102649,Rihand power station,24.027000,82.791500
COAL,L100000102650,Rosa Thermal Power Plant,27.819446,79.937162
COAL,L100000102652,Singrauli Super Thermal Power Station,24.104212,82.706355
COAL,L100000102653,Tanda power station,26.589485,82.601235
COAL,L100000102654,Utraula power station,27.345515,82.316545
COAL,L100000102657,Lal Kuan Mill power station,29.062378,79.521661
COAL,L100000102659,Asansol Crescent power station,23.784570,87.047245
COAL,L100000102661,Bakreswar Thermal Power Station,23.829221,87.451034
COAL,L100000102663,Bandel Thermal Power Station,22.995746,88.403815
COAL,L100000102665,Budge Budge Generating Station,22.470344,88.139949
COAL,L100000102669,Durgapur Projects Limited power station,23.521147,87.302309
COAL,L100000102671,Durgapur SAIL power station,23.551805,87.248475
COAL,L100000102672,Durgapur Steel City Andal power station,23.580000,87.204300
COAL,L100000102673,Farakka power station,24.772729,87.893707
COAL,L100000102674,Haldia Energy power station,22.104017,88.177345
COAL,L100000102677,Kolaghat Thermal Power Station,22.416565,87.870984
COAL,L100000102680,Mejia power station,23.463900,87.131100
COAL,L100000102681,Raghunathpur Thermal Power Station,23.621910,86.660703
COAL,L100000102684,Sagardighi Thermal Power Station,24.368814,88.104000
COAL,L100000102686,Santaldih Thermal Power Station,23.601300,86.466600
COAL,L100000102688,Southern CESC power station,22.549591,88.291512
COAL,L100000102689,Titagarh power station,22.731974,88.370309
COAL,L100000103074,Tigyit power station,20.431292,96.703524
COAL,L100000103114,Hubco power station,24.914675,66.688760
COAL,L100000103119,Faisalabad Sitara Chemical power plant,31.522924,73.388223
COAL,L100000103127,Maple Leaf power station,32.904671,71.610642
COAL,L100000103130,Muzaffargarh sugar mill power station,30.294550,70.966970
COAL,L100000103133,Sahiwal power station,30.714220,73.238020
COAL,L100000103140,Fauji Fertilizer power station,24.833090,67.419620
COAL,L100000103141,Thar Energy Limited power station,24.806214,70.400501
COAL,L100000103142,Jamshoro power station,25.472222,68.266111
COAL,L100000103147,Port Qasim EPC power station,24.784500,67.369390
COAL,L100000103148,Port Qasim Lucky power station,24.812805,67.274560
COAL,L100000103151,Thar Block II power station,24.812481,70.394069
COAL,L100000103156,Thar Block I power station,24.710803,70.302493
COAL,L100000103520,Lakvijaya Power Plant,8.017200,79.722500
COAL,L100000103559,Dushanbe-2 power station,38.610817,68.771867
COAL,L100000104433,Hiranmaye Haldia power station,22.077027,88.098227
COAL,L100000104594,ThalNova power station,24.815456,70.388369
COAL,L100000104755,Atul power station,20.537058,72.933282
COAL,L100000104828,Hotan power station,37.266154,79.992377
COAL,L100000104829,Myainggalay Cement power station,16.876601,97.585428
COAL,L100000104861,Hazira power station (Reliance),21.159200,72.687127
COAL,L100000104862,Hub Cement power station,25.155890,66.783610
COAL,L100000104945,Ruoqiang County Cogen power station,38.950112,88.326970
COAL,L100000104953,Dera Ghazi Khan Cement power station,30.331670,70.539400
COAL,L100000104976,GACL-NALCO Dahej Caustic captive power station,21.710191,72.690406
COAL,L100000105017,Ambuja Cements Limited power station,21.670050,82.083390
COAL,L100000105026,Maadurga Thermal power station,20.576220,86.020728
COAL,L100001000101,Mellacheruvu Cement power station,16.809733,79.915132
COAL,L100001000104,Jojobera Cement Plant power station,22.753100,86.245200
COAL,L100001000147,Sanghipuram Cement power station,23.399808,68.570173
OILGAS,L100000304958,"Ankleshwar Oil and Gas Field (Gujarat, India)",21.595000,72.930000
OILGAS,L100000310828,"Hetianhe Gas Field (Xinjiang, China)",38.583300,79.666700
OILGAS,L100000310841,"Gasikule Oil Field (Qinghai, China)",38.146500,90.906500
OILGAS,L100000311272,"Tazhong Oil Field (Xinjiang, China)",38.993300,83.637400
OILGAS,L100000313008,Adhi Oil and Gas Field (Pakistan),33.153700,73.176800
OILGAS,L100000313011,Bolan East Oil Field (Pakistan),29.746700,67.455000
OILGAS,L100000313021,Kandhkot Oil and Gas Field (Pakistan),28.223800,69.240700
OILGAS,L100000313024,Latif Oil and Gas Field (Pakistan),26.964200,69.314000
OILGAS,L100000313026,Makori Deep Oil and Gas Field (Pakistan),33.290900,71.199600
OILGAS,L100000313027,Makori East Oil and Gas Field (Pakistan),33.266000,71.309400
OILGAS,L100000313028,Mamikhel Oil and Gas Field (Pakistan),33.386300,71.193100
OILGAS,L100000313029,Manzalai Oil and Gas Field (Pakistan),33.261700,70.847900
OILGAS,L100000313030,Maramzai Oil and Gas Field (Pakistan),33.431500,71.066900
OILGAS,L100000313031,Mardankhel Oil and Gas Field (Pakistan),33.346900,70.964400
OILGAS,L100000313033,Mazarani Oil and Gas Field (Pakistan),27.653700,67.500800
OILGAS,L100000313034,Mela Oil and Gas Field (Pakistan),33.222200,71.611600
OILGAS,L100000313037,Nashpa Oil and Gas Field (Pakistan),33.202300,71.258900
OILGAS,L100000313038,Qadirpur Oil and Gas Field (Pakistan),28.083200,69.356100
OILGAS,L100000313040,Rehman Oil and Gas Field (Pakistan),26.563800,67.275600
OILGAS,L100000313041,Rizq Oil and Gas Field (Pakistan),26.650600,67.280800
OILGAS,L100000313043,Shahdadpur Oil and Gas Field (Pakistan),25.936700,68.587500
OILGAS,L100000313044,Shahdadpur East Gas Field (Pakistan),25.951400,68.613600
OILGAS,L100000313045,Shahdadpur West Oil and Gas Field (Pakistan),25.950000,68.533400
OILGAS,L100000313047,Sui Oil and Gas Field (Pakistan),28.634500,69.204700
OILGAS,L100000313049,Tajjal Gas Field (Pakistan),26.828900,68.938800
OILGAS,L100000313050,Tolanj Gas Field Oil and Gas Field (Pakistan),33.531500,71.757600
OILGAS,L100000313051,Tolanj West Gas Field Oil and Gas Field (Pakistan),33.518200,71.606000
OILGAS,L100000313098,R Cluster Gas Field (India),16.177000,82.618000
OILGAS,L100000318003,Titas Gas Field (Bangladesh),23.995200,91.118800
OILGAS,L100000318004,Jalalabad Oil and Gas Field (Bangladesh),24.927400,91.909600
OILGAS,L100000318012,Bibiyana Oil and Gas Field (Bangladesh),24.700000,91.380000
OILGAS,L100000318025,Vasai Oil and Gas Field (India),19.055800,71.855400
OILGAS,L100000318029,Yadana Gas Field (Myanmar),15.186500,94.637700
OILGAS,L100000318951,"Tazhong 4 Oil Field (Xinjiang, China)",38.944151,83.753938
OILGAS,L100000321084,Jarquduq Oil and Gas Field (Uzbekistan),38.349115,66.315699
OILGAS,L100000321253,Kuthalam Oil and Gas Field (India),11.075000,79.560000
OILGAS,L100000321265,D-1 Oil and Gas Field (India),18.711000,71.076000
OILGAS,L100000321308,"Geleki Oil and Gas Field (Assam, India)",26.769000,94.692000
OILGAS,L100000321311,Ratna Oil and Gas Field (India),18.313000,72.396000
OILGAS,L100000321391,"Kekeya Gas Field (Xinjiang, China)",37.010000,77.319100
OILGAS,L100000321392,"Yingdong Oil Field (Qinghai, China)",38.052919,91.151324
OILGAS,L100000321393,"Zhahaquan Tight Oil Field (Qinghai, China)",38.042600,90.917600
OILGAS,L100000321394,"Nanbaxian Gas Field (Qinghai, China)",37.922425,94.290226
OILGAS,L100000321398,"Kunbei Oil Field (Qinghai, China)",38.282344,90.905294
OILGAS,L100000321400,"Tainan Gas Field (Qinghai, China)",37.349722,94.162222
OILGAS,L100000322543,"Sebei 1 Gas Field (Qinghai, China)",37.290000,94.196000
OILGAS,L100000322544,"Sebei 2 Gas Field (Qinghai, China)",37.290000,94.196000
STEEL,P100000120018,GPH Steel Sitakunda plant,22.536569,91.700729
STEEL,P100000120020,Abul Khair Steel Sitakunda plant,22.472008,91.734827
STEEL,P100000120021,BSRM Steels Mirsarai plant,22.873774,91.545562
STEEL,P100000120022,BSRM Ltd Mirsarai steel plant,22.870631,91.545862
STEEL,P100000120024,KSRM Sitakunda steel plant,22.499834,91.715778
STEEL,P100000120510,JSW BPSL Jharsuguda steel plant,21.763989,84.022529
STEEL,P100000120511,Tata Steel Meramandali steel plant,20.796053,85.260382
STEEL,P100000120512,BMM Ispat Danapur steel plant,15.169720,76.379710
STEEL,P100000120513,ArcelorMittal Nippon Steel Hazira plant,21.112377,72.647304
STEEL,P100000120515,Jindal Steel Angul steel plant,20.884896,84.991539
STEEL,P100000120516,Jindal Steel Raigarh steel plant,21.922703,83.347178
STEEL,P100000120517,JSW Steel Dolvi steel plant,18.690312,73.035902
STEEL,P100000120518,JSW Steel Salem steel plant,11.814912,77.918465
STEEL,P100000120519,JSW Steel Vijayanagar steel plant,15.180423,76.663134
STEEL,P100000120522,Lloyds Metals and Energy Ltd Ghugus steel plant,19.929837,79.119344
STEEL,P100000120523,NMDC Nagarnar steel plant,19.093190,82.170000
STEEL,P100000120524,SAIL IISCO steel plant,23.673236,86.926179
STEEL,P100000120525,SAIL Bhilai steel plant,21.185157,81.394207
STEEL,P100000120526,SAIL Bokaro steel plant,23.671677,86.106870
STEEL,P100000120527,SAIL Durgapur steel plant,23.548430,87.245247
STEEL,P100000120528,SAIL Rourkela steel plant,22.210804,84.868950
STEEL,P100000120529,Tata Steel Jamshedpur steel plant,22.788598,86.199600
STEEL,P100000120530,Tata Steel Kalinganagar steel plant,20.970411,86.015211
STEEL,P100000120531,RINL Vizag Steel plant,17.612846,83.191918
STEEL,P100000120534,Electrosteel Bokaro steel plant,23.632907,86.293671
STEEL,P100000120535,Tata Steel Gamharia steel plant,22.812895,86.084022
STEEL,P100000120536,JSW Steel Raigarh steel plant,21.983709,83.238133
STEEL,P100000120540,Neelachal Ispat Nigam steel plant,20.998641,86.019102
STEEL,P100000120541,Welspun Metallics Anjar Steel plant,23.112781,70.086688
STEEL,P100000120543,Jindal Stainless Jajpur steel plant,20.954939,86.051986
STEEL,P100000120544,Jindal Stainless Hisar steel plant,29.127253,75.773075
STEEL,P100000120546,Tata Metaliks Kharagpur steel plant,22.385611,87.287179
STEEL,P100000120547,Jayaswal Neco Industries Raipur steel plant,21.354495,81.676444
STEEL,P100000120549,SAIL Alloy steel plant,23.522882,87.275935
STEEL,P100000120552,Hospet Steels Hospet plant,15.339055,76.251696
STEEL,P100000120553,Ramsarup Industries Kharagpur steel plant,22.977477,88.457443
STEEL,P100000120555,Rashmi Metaliks Kharagpur steel plant,22.360664,87.295932
STEEL,P100000120557,Godawari Power and Ispat Siltara steel plant,21.376214,81.681888
STEEL,P100000120558,Prakash Industries Janjgir steel plant,22.004694,82.671666
STEEL,P100000120559,Mesco Steel Kalinganagar plant,20.976277,86.044419
STEEL,P100000120560,Jai Balaji Durgapur Unit IV steel plant,23.483075,87.352189
STEEL,P100000120562,Jai Balaji Jyoti Steels Sundargarh plant,22.085338,84.861840
STEEL,P100000120563,Orissa Sponge Iron and Steel plant,21.801994,85.567510
STEEL,P100000120564,Atibir Industries Bhorandiha steel plant,24.145239,86.334999
STEEL,P100000120566,Orissa Metaliks Markuta steel plant,21.856747,83.966244
STEEL,P100000120567,MSP Steel & Power Raigarh plant,21.876730,83.554495
STEEL,P100000120568,Arjas Steel Tadipatri plant,14.873471,78.048425
STEEL,P100000120569,Rungta Mines Dhenkanal steel plant,20.764524,85.299318
STEEL,P100000120570,JSW Green Steel Salav plant,18.530853,72.947091
STEEL,P100000120575,Sunflag Iron and Steel plant,21.232929,79.632398
STEEL,P100000120782,Agha Steel Industries Karachi plant,24.841851,67.310159
STEEL,P100000120783,Ittehad Steel Faisalabad plant,31.643426,73.198542
STEEL,P100000121032,Yazdani Steel and Power Kalinganagar steel plant,20.928285,86.036604
STEEL,P100000121156,Myingyan Myanmar steel plant,21.377652,95.372079
STEEL,P100000121165,Nilachal Iron & Power Gamharia steel plant,22.874863,86.063646
STEEL,P100000121179,Lloyds Metals and Energy Ltd Konsari steel plant,19.770409,79.813599
STEEL,P100000121182,Shyam Steel Mejia steel plant,23.564157,87.089552
STEEL,P100000121183,Shyam Metalics Jamuria steel plant,23.693749,87.122711
STEEL,P100000121184,Shyam Metalics Sambalpur steel plant,21.680344,84.041790
STEEL,P100000121185,Rungta Mines Karakhendra steel plant,22.140174,85.414616
STEEL,P100000121186,Rungta Mines Kamanda steel plant,21.928511,85.223988
STEEL,P100000121187,Orissa Metaliks Kharagpur steel plant,22.378355,87.281773
STEEL,P100000121188,Orissa Alloy Steel Kharagpur Plant,22.364258,87.309047
STEEL,P100000121190,Prakash Sponge Iron and Power Challakere steel plant,14.152912,76.665824
STEEL,P100000121191,Shakambhari Ispat and Power Purulia steel plant,23.613861,86.789527
STEEL,P100000121192,Shri Bajrang Power & Ispat Tilda steel plant,21.486190,81.771697
STEEL,P100000121195,Evonith Metallics Wardha steel plant,20.704605,78.620293
STEEL,P100000121205,Vedanta Sesa Goa Pig Iron Plant,15.526866,73.986671
STEEL,P100000121207,Electrosteel Castings Srikalahasthi steel plant,13.717188,79.630588
STEEL,P100000121231,Mughal Iron & Steel Industries Lahore plant,31.653035,74.183149
STEEL,P100000121232,Amreli Steels Dhabeji plant,24.800326,67.504851
STEEL,P100000121236,Evonith Value Steel Wardha steel plant,20.696412,78.638548
STEEL,P100000121239,Mono Steel Gandhidham plant,23.312265,70.201953
STEEL,P100001025672,N R Ispat and Power Raigarh steel plant,22.013086,83.330372
STEEL,P100001025815,Adhunik Metaliks Kuanrmunda steel plant,22.308371,84.763584
STEEL,P100001025818,Rungta Mines Karakolha sponge iron plant,22.132370,85.417031
STEEL,P100001025819,Rungta Mines Chaliyama steel plant,22.588359,85.905724
STEEL,P100001025922,Jai Balaji Rajbandh Unit III steel plant,23.487439,87.369494
STEEL,P100001043026,Faizan Steel Karachi steel plant,24.897652,66.985678
STEEL,P100001044907,JSOL Angul steel plant,20.874713,84.944082
STEEL,P100001045282,Crest Steel and Power Mangatta steel plant,21.190313,81.199220
STEEL,P100001045284,KIC Metaliks Durgapur steel plant,23.507539,87.277914
STEEL,P100001045296,Action Ispat and Power Jharsuguda steel plant,21.839759,83.982227
STEEL,P100001045317,Gallantt Ispat Gorakhpur steel plant,26.757009,83.199086
STEEL,P100001062087,Mukand Sumi Special Steel Hospet steel plant,15.328976,76.258613
STEEL,P100001082544,Captain Steel Debipur steel plant,23.782150,86.835912
