source_id,latitude,longitude,pihs_score,active_days,night_frac
SRC-0046dd3712,21.18871,81.20838,8,27,1.0000
SRC-01eb02685a,13.89864,76.5652,8,66,0.9877
SRC-022a222d58,12.74431,77.61913,8,26,1.0000
SRC-0702ee65ee,23.64792,85.43529,8,117,0.9941
SRC-072306805d,22.13775,85.4155,8,41,0.9792
SRC-0765a2e942,24.20269,80.80029,8,36,1.0000
SRC-079a3d10da,22.58742,85.90612,8,43,1.0000
SRC-07f349ee31,23.17313,70.22789,8,20,1.0000
SRC-09e368394a,20.8313,86.96052,8,24,0.9655
SRC-09e7ad3c50,23.26656,70.25795,8,68,1.0000
SRC-09ede5492d,23.51451,87.3292,8,31,1.0000
SRC-0bff562799,23.22247,90.66888,8,28,1.0000
SRC-0cf5a024ce,22.06796,83.70308,8,34,1.0000
SRC-0dfbdf1231,23.77126,86.19991,8,48,1.0000
SRC-0f0e4959d8,12.96823,77.33061,8,20,0.9500
SRC-0f1767bd85,28.42287,69.70032,8,85,0.9674
SRC-119447818f,27.66824,76.13418,8,66,1.0000
SRC-11d66b8b2a,17.50956,78.43399,8,24,1.0000
SRC-1211ada63f,24.52851,81.16916,8,85,1.0000
SRC-12df556a54,18.58659,71.03245,8,25,0.9655
SRC-13ad33d0fd,24.67058,83.98762,8,25,1.0000
SRC-142cd5d0b2,22.41864,69.04132,8,42,0.9574
SRC-14901bbadb,20.86773,70.56519,8,89,1.0000
SRC-15070feaf7,32.7263,73.13979,8,40,1.0000
SRC-15978a0804,31.64141,74.43489,8,21,1.0000
SRC-165591e374,31.24987,76.92888,8,66,1.0000
SRC-195b5729f6,28.07077,77.85766,8,25,1.0000
SRC-1c86b655fd,23.69639,85.35724,8,31,0.9730
SRC-1fb2f73ebd,21.87981,83.54597,8,22,1.0000
SRC-21c0bd6e3a,31.62979,74.42629,8,34,1.0000
SRC-247c623364,20.79696,85.25949,8,106,0.9708
SRC-248c38d11a,23.76727,85.99298,8,31,1.0000
SRC-273c64a506,10.61632,77.42075,8,23,1.0000
SRC-289f0d993b,21.76479,85.57913,8,24,1.0000
SRC-29c6e7bac4,22.10573,83.12466,8,56,0.9848
SRC-2c65cbcc10,21.24331,79.22623,8,26,0.8519
SRC-2d6c7fa601,23.69599,85.29007,8,95,0.9697
SRC-2dbe22598e,23.12223,70.0832,8,28,0.9677
SRC-2f2f14802a,22.20964,84.54924,8,43,1.0000
SRC-2f4a460a7d,23.61755,86.78839,8,31,1.0000
SRC-371b0934bd,28.74213,76.92671,8,46,1.0000
SRC-3868a0675b,24.18702,82.66136,8,25,1.0000
SRC-3922d35a81,25.13474,75.88844,8,21,1.0000
SRC-397fb76704,27.22145,95.34442,8,36,0.9565
SRC-3a765362d8,23.66245,86.91169,8,70,0.9778
SRC-3ae21c2e42,18.68103,73.0393,8,98,0.7660
SRC-3c241aa888,22.03808,83.73331,8,168,0.6816
SRC-3d183996ef,21.83039,84.92701,8,45,1.0000
SRC-3d1b0c0fb7,15.17116,76.68443,8,34,1.0000
SRC-3d4b326482,28.27705,77.27394,8,31,1.0000
SRC-3ebb988d29,16.87613,80.12031,8,51,1.0000
SRC-3f386d66d2,34.2494,71.48189,8,23,1.0000
SRC-3f994ca20b,23.6999,87.11464,8,25,1.0000
SRC-400cf26907,23.30481,70.47699,8,31,1.0000
SRC-40767ccdba,20.65915,78.49357,8,43,1.0000
SRC-409760c577,21.1939,81.21418,8,24,1.0000
SRC-40b398d21c,37.20189,79.30169,8,23,1.0000
SRC-45a460d3d6,22.79086,86.21134,8,113,0.9177
SRC-45e45843fa,24.71473,74.67008,8,66,1.0000
SRC-461b9150d6,17.58423,80.31923,8,31,1.0000
SRC-4673be4da5,15.31535,76.2549,8,40,1.0000
SRC-483a740174,21.56016,81.75491,8,62,0.9880
SRC-4a6d518983,31.32825,76.8948,8,61,1.0000
SRC-4ac8bc3614,23.69749,86.07644,8,34,0.7931
SRC-4c57bf2e59,23.78144,85.56348,8,25,0.9655
SRC-4e6c8233fd,23.77317,85.99847,8,28,1.0000
SRC-4e86b2ec37,21.9651,83.77216,8,20,1.0000
SRC-4fcec01ae6,32.1025,74.17368,8,34,1.0000
SRC-50a0341ca6,22.20685,84.85102,8,24,1.0000
SRC-50b16e0c4e,15.3326,76.28727,8,28,0.9643
SRC-526bcd4280,31.64354,74.15414,8,36,1.0000
SRC-5405724602,20.96644,86.00268,8,96,0.9478
SRC-561e1ab2e3,30.26495,75.17297,8,27,0.9375
SRC-569386d1ee,19.10531,73.0502,8,22,1.0000
SRC-5713ec2a0d,22.00539,82.67203,8,107,1.0000
SRC-587174c62f,23.55305,86.54,8,51,1.0000
SRC-58e47f93e6,8.67013,77.99291,8,45,0.9455
SRC-590e8dcf22,22.22134,84.7515,8,43,1.0000
SRC-5b1f7ca555,24.92604,84.15114,8,23,1.0000
SRC-5d37558b00,20.96408,86.05051,8,99,0.7836
SRC-5d56cd077c,21.89997,83.98179,8,24,1.0000
SRC-5e5f58d592,24.14423,82.63626,8,66,0.7573
SRC-5fe57cd086,23.24739,69.86854,8,47,1.0000
SRC-60ab800870,26.87429,73.51684,8,134,1.0000
SRC-61fc449127,21.60483,81.82388,8,32,1.0000
SRC-63f456bdf3,17.66085,80.48637,8,55,1.0000
SRC-647ed708c0,32.28881,70.73836,8,85,0.9922
SRC-65e78aba38,22.16825,85.43567,8,41,1.0000
SRC-6819fe9afb,10.92257,77.06165,8,23,1.0000
SRC-6a11b71ab2,22.2643,75.13102,8,51,1.0000
SRC-6c2d04444b,23.55978,87.23221,8,27,0.8621
SRC-6f104c2b37,21.63098,82.11205,8,68,1.0000
SRC-6f18c5bc25,21.18706,81.38783,8,67,1.0000
SRC-7006b6293e,22.30961,82.52374,8,29,0.9512
SRC-70f3e41783,28.66278,77.57863,8,20,1.0000
SRC-71f08cbdca,33.8286,72.83065,8,29,1.0000
SRC-75698f2102,23.76367,86.38249,8,38,1.0000
SRC-75b798574f,20.51493,85.72502,8,64,1.0000
SRC-7614b26630,23.80603,86.33001,8,156,0.8328
SRC-7647fa6d92,15.16774,76.67345,8,57,0.9833
SRC-771c2c59a3,27.28823,73.83936,8,66,1.0000
SRC-7840611280,23.8269,85.49933,8,54,1.0000
SRC-795b5cb006,21.79093,80.01475,8,22,1.0000
SRC-79a1aed046,7.9884,79.86676,8,45,1.0000
SRC-79c882b4ed,22.92534,69.82264,8,41,1.0000
SRC-7c6f4d2f11,23.81063,85.53247,8,37,1.0000
SRC-7cb7bd4c74,22.33048,69.74944,8,26,1.0000
SRC-7fae052f9e,20.97708,85.17196,8,110,0.8509
SRC-81b7d8e46d,15.02197,78.01626,8,54,0.9492
SRC-836aeddd9e,22.40089,69.0195,8,36,1.0000
SRC-8445f5208c,24.59573,80.86079,8,25,1.0000
SRC-84dd9db1e0,23.31539,70.48699,8,101,1.0000
SRC-85d738b426,23.74427,85.50622,8,116,0.9877
SRC-85dcabcb4f,24.57882,74.80317,8,48,1.0000
SRC-86ee8403e7,21.79482,83.98887,8,81,1.0000
SRC-89ea9fa30e,32.12977,74.17765,8,21,1.0000
SRC-8b7226d5cb,22.81174,86.08419,8,39,0.9362
SRC-8b7c0f73c3,15.12813,76.78582,8,23,1.0000
SRC-8b99c2d1bf,23.64083,85.39798,8,43,1.0000
SRC-8fd3810423,21.57641,82.02285,8,78,1.0000
SRC-90d4d75907,15.17195,76.6655,8,33,0.8462
SRC-90e07a6584,15.1158,76.80326,8,26,1.0000
SRC-92d92715b0,21.432,72.97654,8,50,0.9333
SRC-937c1d298a,21.92306,85.22233,8,65,0.9540
SRC-938c36573a,11.17682,79.08817,8,58,1.0000
SRC-941adf0e78,21.38248,81.65617,8,31,1.0000
SRC-94c9d1ae2e,28.27197,77.20839,8,27,1.0000
SRC-94e31249d8,24.96205,74.12437,8,31,1.0000
SRC-94e3d7cb81,22.03857,83.35357,8,145,0.8828
SRC-9522465b25,17.62282,83.19481,8,75,1.0000
SRC-962728b604,21.85909,83.96618,8,115,0.9942
SRC-99251e2e8c,22.47617,88.00337,8,22,1.0000
SRC-9b15ec46ac,23.6432,85.39745,8,26,1.0000
SRC-9b1ded2f95,29.08356,88.0113,8,47,0.9206
SRC-9d9ab6564c,18.68734,73.05016,8,29,1.0000
SRC-9d9d3a2221,18.58189,72.2397,8,38,1.0000
SRC-9e06659b2c,21.23958,81.38602,8,33,1.0000
SRC-9f256b50bd,24.17907,82.55924,8,24,0.9149
SRC-a21879625e,21.98051,83.23958,8,46,0.9828
SRC-a38245f8e5,21.85919,83.96844,8,36,1.0000
SRC-a5de582803,23.69616,85.28746,8,66,0.9560
SRC-a715e0e6c4,23.65662,86.79477,8,24,1.0000
SRC-a7be6db444,14.58809,78.58055,8,36,1.0000
SRC-a96d1cfeba,23.66971,84.99604,8,110,1.0000
SRC-ab3067c759,20.96789,86.02053,8,80,0.8364
SRC-ab3d30af61,32.64358,72.97651,8,60,1.0000
SRC-ab691fbc03,17.37053,77.44585,8,39,1.0000
SRC-ac12435ba0,24.91027,91.82862,8,62,1.0000
SRC-ae6224465c,22.78606,86.00588,8,45,1.0000
SRC-af8c19295c,24.1979,80.79642,8,63,1.0000
SRC-b01b574111,22.87255,88.21288,8,43,1.0000
SRC-b0e227661e,23.79505,86.23475,8,98,1.0000
SRC-b10b0fdb57,23.7688,86.01196,8,66,1.0000
SRC-b1fc1c0c8d,13.44713,80.09729,8,61,0.9859
SRC-b21fd615c2,24.71475,75.95267,8,78,1.0000
SRC-b5827595de,22.02132,83.30059,8,22,0.9583
SRC-b7eb55f883,19.08179,73.03543,8,20,1.0000
SRC-b8030758d1,22.20718,84.86929,8,75,0.8876
SRC-b9dbdccc3e,27.53615,69.31077,8,23,0.9487
SRC-b9fdebaab9,28.34593,77.2572,8,72,1.0000
SRC-ba5ce18993,22.36664,73.11906,8,21,0.9600
SRC-bc7f21c514,37.14339,79.49834,8,41,1.0000
SRC-bf1b0c4d9a,15.3385,76.24918,8,22,0.9615
SRC-bf5d829c75,32.37976,72.13892,8,41,1.0000
SRC-c160778df3,20.96467,86.04853,8,61,0.9859
SRC-c1d64d5c2d,23.67989,86.09019,8,21,1.0000
SRC-c29be8e29c,15.01436,76.89708,8,25,1.0000
SRC-c2de952602,28.8534,77.14484,8,30,1.0000
SRC-c318c9a845,19.99664,79.17959,8,53,0.9833
SRC-c510139184,23.70818,85.40375,8,22,1.0000
SRC-c5a339fd15,24.1623,82.63114,8,44,0.7761
SRC-c65e8cdd1d,23.73806,85.00492,8,26,1.0000
SRC-c6d6f8b9d9,22.31405,84.76752,8,47,1.0000
SRC-c94f63958e,7.03461,79.88952,8,21,1.0000
SRC-c9bc9eae68,19.78764,79.06326,8,74,1.0000
SRC-ca3b0ae1f6,22.79377,86.1991,8,94,0.9921
SRC-ca77616aee,20.86323,84.99407,8,94,0.7913
SRC-cadc0757cc,19.78528,79.14841,8,40,1.0000
SRC-cc3fbe6d89,17.13988,77.17533,8,68,1.0000
SRC-cc4b556338,20.69733,78.63796,8,52,0.9831
SRC-cdbc318ec4,23.61494,85.65863,8,36,1.0000
SRC-cf4f3fd6f3,24.56464,81.00329,8,22,1.0000
SRC-cf67a11945,18.77653,73.74877,8,23,1.0000
SRC-d303f85ae2,33.90356,71.91572,8,56,1.0000
SRC-d371b25d15,23.70996,85.40333,8,40,1.0000
SRC-d3e0b9c05a,21.2945,81.59421,8,55,1.0000
SRC-d4a687756e,15.32169,76.23178,8,27,1.0000
SRC-d56abf9399,23.69062,68.83201,8,78,1.0000
SRC-d5c4f2ff9c,24.64183,74.68394,8,36,1.0000
SRC-d60e73238f,23.6934,87.10333,8,51,1.0000
SRC-d61e765e99,23.69838,87.11226,8,20,1.0000
SRC-d696a0a406,23.7828,86.39347,8,35,1.0000
SRC-dabc693f16,23.68362,85.36219,8,47,0.9672
SRC-dbc9b6300d,33.54605,71.55056,8,124,1.0000
SRC-dbef3efd1a,21.75255,84.02475,8,31,1.0000
SRC-dc0ad355a8,32.05835,74.26579,8,32,1.0000
SRC-dcbaa683fd,27.32449,95.27751,8,22,0.9615
SRC-ddc9d03780,24.69162,74.68052,8,83,1.0000
SRC-dec1fc707e,23.67314,87.12722,8,22,0.6923
SRC-dfc1fde7d6,21.77311,85.55352,8,33,1.0000
SRC-e14556e5ae,14.93088,78.34072,8,28,1.0000
SRC-e2113aa956,18.71889,79.53951,8,55,0.6393
SRC-e5232ca8b7,24.69111,73.00373,8,85,0.9901
SRC-e5e7767f1d,15.11924,76.81101,8,44,1.0000
SRC-e5faf20fa9,26.92671,73.46827,8,73,1.0000
SRC-e9fdcf25ce,22.47874,90.71073,8,65,1.0000
SRC-ea61bc6797,21.23233,79.62874,8,49,0.9508
SRC-eeda48e6cc,27.72608,84.81551,8,39,1.0000
SRC-ef23a1ed67,27.15644,94.93033,8,20,0.9355
SRC-f10396fc99,21.19018,81.19884,8,93,1.0000
SRC-f1135fb922,21.19907,81.2084,8,31,0.9756
SRC-f49df0e879,23.79432,86.23287,8,94,1.0000
SRC-f5410f33a6,33.27668,72.14461,8,36,0.9487
SRC-f67d1608d7,31.41359,76.83553,8,52,1.0000
SRC-f78219ca08,20.97566,85.17392,8,147,0.8115
SRC-f7b05a2354,25.54395,91.23471,8,37,0.9800
SRC-f8c163979e,15.17228,76.78693,8,24,0.9286
SRC-fa243f1885,12.80623,77.43426,8,21,1.0000
SRC-fb435f5b01,20.79951,85.25857,8,81,0.9364
SRC-ff63e886c5,21.77368,83.82426,8,25,0.9714
